transaction_id,date,gender,age,product_category,quantity,price_per_unit,total_amount
1,2023-11-24,Male,34,Beauty,3,50,150
2,2023-02-27,Female,26,Clothing,2,500,1000
3,2023-01-13,Male,50,Electronics,1,30,30
4,2023-05-21,Male,37,Clothing,1,500,500
5,2023-05-06,Male,30,Beauty,2,50,100
6,2023-04-25,Female,45,Beauty,1,30,30
7,2023-03-13,Male,46,Clothing,2,25,50
8,2023-02-22,Male,30,Electronics,4,25,100
9,2023-12-13,Male,63,Electronics,2,300,600
10,2023-10-07,Female,52,Clothing,4,50,200
11,2023-02-14,Male,23,Clothing,2,50,100
12,2023-10-30,Male,35,Beauty,3,25,75
13,2023-08-05,Male,22,Electronics,3,500,1500
14,2023-01-17,Male,64,Clothing,4,30,120
15,2023-01-16,Female,42,Electronics,4,500,2000
16,2023-02-17,Male,19,Clothing,3,500,1500
17,2023-04-22,Female,27,Clothing,4,25,100
18,2023-04-30,Female,47,Electronics,2,25,50
19,2023-09-16,Female,62,Clothing,2,25,50
20,2023-11-05,Male,22,Clothing,3,300,900
21,2023-01-14,Female,50,Beauty,1,500,500
22,2023-10-15,Male,18,Clothing,2,50,100
23,2023-04-12,Female,35,Clothing,4,30,120
24,2023-11-29,Female,49,Clothing,1,300,300
25,2023-12-26,Female,64,Beauty,1,50,50
26,2023-10-07,Female,28,Electronics,2,500,1000
27,2023-08-03,Female,38,Beauty,2,25,50
28,2023-04-23,Female,43,Beauty,1,500,500
29,2023-08-18,Female,42,Electronics,1,30,30
30,2023-10-29,Female,39,Beauty,3,300,900
31,2023-05-23,Male,44,Electronics,4,300,1200
32,2023-01-04,Male,30,Beauty,3,30,90
33,2023-03-23,Female,50,Electronics,2,50,100
34,2023-12-24,Female,51,Clothing,3,50,150
35,2023-08-05,Female,58,Beauty,3,300,900
36,2023-06-24,Male,52,Beauty,3,300,900
37,2023-05-23,Female,18,Beauty,3,25,75
38,2023-03-21,Male,38,Beauty,4,50,200
39,2023-04-21,Male,23,Clothing,4,30,120
40,2023-06-22,Male,45,Beauty,1,50,50
41,2023-02-22,Male,34,Clothing,2,25,50
42,2023-02-17,Male,22,Clothing,3,300,900
43,2023-07-14,Female,48,Clothing,1,300,300
44,2023-02-19,Female,22,Clothing,1,25,25
45,2023-07-03,Female,55,Electronics,1,30,30
46,2023-06-26,Female,20,Electronics,4,300,1200
47,2023-11-06,Female,40,Beauty,3,500,1500
48,2023-05-16,Male,54,Electronics,3,300,900
49,2023-01-23,Female,54,Electronics,2,500,1000
50,2023-08-24,Female,27,Beauty,3,25,75
51,2023-10-02,Male,27,Beauty,3,25,75
52,2023-03-05,Female,36,Beauty,1,300,300
53,2023-07-13,Male,34,Electronics,2,50,100
54,2023-02-10,Female,38,Electronics,3,500,1500
55,2023-10-10,Male,31,Beauty,4,30,120
56,2023-05-31,Female,26,Clothing,3,300,900
57,2023-11-18,Female,63,Beauty,1,30,30
58,2023-11-13,Male,18,Clothing,4,300,1200
59,2023-07-05,Male,62,Clothing,1,50,50
60,2023-10-23,Male,30,Beauty,3,50,150
61,2023-04-09,Male,21,Beauty,4,50,200
62,2023-12-27,Male,18,Beauty,2,50,100
63,2023-02-05,Male,57,Electronics,2,25,50
64,2023-01-24,Male,49,Clothing,4,25,100
65,2023-12-05,Male,51,Electronics,4,500,2000
66,2023-04-27,Female,45,Electronics,1,30,30
67,2023-05-29,Female,48,Beauty,4,300,1200
68,2023-02-10,Male,25,Electronics,1,300,300
69,2023-04-30,Female,56,Beauty,3,25,75
70,2023-02-21,Female,43,Clothing,1,300,300
71,2023-07-14,Female,51,Beauty,4,25,100
72,2023-05-23,Female,20,Electronics,4,500,2000
73,2023-08-21,Male,29,Electronics,3,30,90
74,2023-11-22,Female,18,Beauty,4,500,2000
75,2023-07-06,Male,61,Beauty,4,50,200
76,2023-03-25,Female,22,Electronics,2,50,100
77,2023-07-09,Female,47,Clothing,2,50,100
78,2023-07-01,Female,47,Clothing,3,500,1500
79,2023-04-18,Male,34,Beauty,1,300,300
80,2023-12-10,Female,64,Clothing,2,30,60
81,2023-05-17,Male,40,Electronics,1,50,50
82,2023-12-26,Female,32,Beauty,4,50,200
83,2023-12-16,Male,54,Electronics,2,50,100
84,2023-11-28,Female,38,Electronics,3,30,90
85,2023-02-06,Male,31,Clothing,3,50,150
86,2023-11-08,Male,19,Beauty,3,30,90
87,2023-11-22,Female,28,Beauty,2,50,100
88,2023-03-29,Male,56,Clothing,1,500,500
89,2023-10-01,Female,55,Electronics,4,500,2000
90,2023-05-06,Female,51,Electronics,1,30,30
91,2023-03-25,Female,55,Electronics,1,500,500
92,2023-08-25,Female,51,Electronics,4,30,120
93,2023-07-14,Female,35,Beauty,4,500,2000
94,2023-05-19,Female,47,Beauty,2,500,1000
95,2023-11-24,Female,32,Clothing,2,30,60
96,2023-12-19,Female,44,Clothing,2,300,600
97,2023-10-13,Female,51,Beauty,2,500,1000
98,2023-04-23,Female,55,Beauty,2,50,100
99,2023-12-17,Female,50,Electronics,4,300,1200
100,2023-06-16,Male,41,Electronics,1,30,30
101,2023-01-29,Male,32,Clothing,2,300,600
102,2023-04-28,Female,47,Beauty,2,25,50
103,2023-01-17,Female,59,Clothing,1,25,25
104,2023-06-11,Female,34,Beauty,2,500,1000
105,2023-07-25,Female,22,Electronics,1,500,500
106,2023-05-18,Female,46,Clothing,1,50,50
107,2023-02-03,Female,21,Clothing,4,300,1200
108,2023-04-19,Female,27,Beauty,3,25,75
109,2023-10-18,Female,34,Electronics,4,500,2000
110,2023-06-11,Male,27,Clothing,3,300,900
111,2023-04-19,Female,34,Electronics,3,500,1500
112,2023-12-02,Male,37,Clothing,3,500,1500
113,2023-09-13,Female,41,Electronics,2,25,50
114,2023-07-22,Female,22,Beauty,4,25,100
115,2023-11-26,Male,51,Clothing,3,500,1500
116,2023-08-23,Female,23,Clothing,1,30,30
117,2023-03-15,Male,19,Electronics,2,500,1000
118,2023-05-16,Female,30,Electronics,4,500,2000
119,2023-03-13,Female,60,Clothing,3,50,150
120,2023-05-07,Male,60,Beauty,1,50,50
121,2023-10-15,Female,28,Electronics,4,50,200
122,2023-10-03,Male,64,Electronics,4,30,120
123,2023-05-15,Female,40,Electronics,2,30,60
124,2023-10-27,Male,33,Clothing,4,500,2000
125,2023-08-08,Male,48,Clothing,2,50,100
126,2023-10-26,Female,28,Clothing,3,30,90
127,2023-07-24,Female,33,Clothing,2,25,50
128,2023-07-05,Male,25,Beauty,1,500,500
129,2023-04-23,Female,21,Beauty,2,300,600
130,2023-03-12,Female,57,Clothing,1,500,500
131,2023-09-18,Female,21,Beauty,2,300,600
132,2023-09-10,Male,42,Electronics,4,50,200
133,2023-02-16,Male,20,Electronics,3,300,900
134,2023-01-25,Male,49,Electronics,1,50,50
135,2023-02-26,Male,20,Clothing,2,25,50
136,2023-03-20,Male,44,Electronics,2,300,600
137,2023-11-18,Male,46,Beauty,2,500,1000
138,2023-03-23,Male,49,Clothing,4,50,200
139,2023-12-15,Male,36,Beauty,4,500,2000
140,2023-08-05,Male,38,Electronics,1,30,30
141,2023-11-02,Female,22,Electronics,1,50,50
142,2023-02-02,Male,35,Electronics,4,300,1200
143,2023-07-17,Female,45,Clothing,1,50,50
144,2023-07-15,Female,59,Beauty,3,500,1500
145,2023-11-02,Female,39,Clothing,3,25,75
146,2023-08-28,Male,38,Clothing,4,50,200
147,2023-09-28,Male,23,Electronics,1,300,300
148,2023-05-09,Male,18,Clothing,2,30,60
149,2023-10-11,Male,22,Clothing,3,25,75
150,2023-01-06,Female,58,Electronics,4,30,120
151,2023-12-15,Male,29,Clothing,1,50,50
152,2023-02-28,Male,43,Electronics,4,500,2000
153,2023-12-16,Male,63,Electronics,2,500,1000
154,2023-10-02,Male,51,Electronics,3,300,900
155,2023-05-17,Male,31,Electronics,4,500,2000
156,2023-11-25,Female,43,Clothing,4,25,100
157,2023-06-24,Male,62,Electronics,4,500,2000
158,2023-02-27,Female,44,Electronics,2,300,600
159,2023-05-31,Male,26,Clothing,4,50,200
160,2023-08-11,Female,43,Clothing,2,50,100
161,2023-03-22,Male,64,Beauty,2,500,1000
162,2023-08-21,Male,39,Clothing,2,30,60
163,2023-01-02,Female,64,Clothing,3,50,150
164,2023-05-15,Female,47,Beauty,3,500,1500
165,2023-09-14,Female,60,Clothing,4,300,1200
166,2023-04-02,Male,34,Clothing,4,500,2000
167,2023-09-17,Female,43,Clothing,3,50,150
168,2023-02-24,Male,53,Clothing,1,300,300
169,2023-11-17,Male,18,Beauty,3,500,1500
170,2023-06-02,Female,25,Clothing,2,25,50
171,2023-11-24,Female,52,Clothing,3,300,900
172,2023-09-17,Male,32,Beauty,2,25,50
173,2023-11-08,Male,64,Electronics,4,30,120
174,2023-04-12,Female,39,Beauty,1,300,300
175,2023-03-20,Female,31,Electronics,4,25,100
176,2023-07-11,Female,43,Beauty,2,50,100
177,2023-03-24,Male,45,Beauty,2,50,100
178,2023-10-04,Male,40,Clothing,2,30,60
179,2023-09-29,Male,31,Electronics,1,300,300
180,2023-01-01,Male,41,Clothing,3,300,900
181,2023-11-03,Male,19,Electronics,4,300,1200
182,2023-06-15,Male,62,Beauty,4,30,120
183,2023-09-08,Female,43,Beauty,3,300,900
184,2023-01-10,Male,31,Electronics,4,50,200
185,2023-02-27,Male,24,Clothing,1,25,25
186,2023-07-05,Male,20,Clothing,4,50,200
187,2023-06-07,Female,64,Clothing,2,50,100
188,2023-05-03,Male,40,Clothing,3,25,75
189,2023-01-30,Male,63,Beauty,1,50,50
190,2023-05-04,Female,60,Beauty,3,30,90
191,2023-10-18,Male,64,Beauty,1,25,25
192,2023-02-10,Male,62,Beauty,2,50,100
193,2023-02-13,Male,35,Beauty,3,500,1500
194,2023-09-06,Male,55,Clothing,4,50,200
195,2023-02-05,Male,52,Clothing,1,30,30
196,2023-09-30,Female,32,Clothing,3,300,900
197,2023-03-06,Female,42,Clothing,4,50,200
198,2023-03-07,Female,54,Beauty,3,300,900
199,2023-12-04,Male,45,Beauty,3,500,1500
200,2023-09-01,Male,27,Beauty,3,50,150
201,2023-10-09,Male,56,Electronics,1,25,25
202,2023-03-26,Female,34,Clothing,4,300,1200
203,2023-05-16,Male,56,Clothing,2,500,1000
204,2023-09-28,Male,39,Beauty,1,25,25
205,2023-11-07,Female,43,Clothing,1,25,25
206,2023-08-05,Male,61,Clothing,1,25,25
207,2023-04-19,Female,42,Beauty,2,25,50
208,2023-10-04,Female,34,Electronics,4,50,200
209,2023-12-20,Female,30,Electronics,4,50,200
210,2023-04-13,Male,37,Electronics,4,50,200
211,2024-01-01,Male,42,Beauty,3,500,1500
212,2023-06-09,Male,21,Clothing,3,500,1500
213,2023-07-24,Male,27,Beauty,3,500,1500
214,2023-12-10,Male,20,Beauty,2,30,60
215,2023-11-29,Male,58,Clothing,3,500,1500
216,2023-07-11,Male,62,Electronics,2,50,100
217,2023-08-13,Female,35,Electronics,4,50,200
218,2023-09-22,Male,64,Beauty,3,30,90
219,2023-08-20,Female,53,Electronics,3,30,90
220,2023-03-03,Male,64,Beauty,1,500,500
221,2023-05-07,Male,39,Beauty,2,300,600
222,2023-04-26,Male,51,Clothing,4,30,120
223,2023-02-02,Female,64,Clothing,1,25,25
224,2023-06-23,Female,25,Clothing,1,50,50
225,2023-01-11,Female,57,Beauty,4,25,100
226,2023-10-29,Female,61,Clothing,1,50,50
227,2023-10-11,Male,36,Electronics,2,50,100
228,2023-04-28,Female,59,Electronics,2,30,60
229,2023-10-29,Male,58,Beauty,3,30,90
230,2023-04-23,Male,54,Beauty,1,25,25
231,2023-01-04,Female,23,Clothing,3,50,150
232,2023-02-06,Female,43,Beauty,1,25,25
233,2023-12-29,Female,51,Beauty,2,300,600
234,2023-11-20,Female,62,Electronics,2,25,50
235,2023-01-31,Female,23,Electronics,2,500,1000
236,2023-04-28,Female,54,Clothing,1,25,25
237,2023-02-04,Female,50,Beauty,2,500,1000
238,2023-01-17,Female,39,Beauty,1,500,500
239,2023-06-19,Male,38,Electronics,3,500,1500
240,2023-02-06,Female,23,Beauty,1,300,300
241,2023-09-21,Female,23,Electronics,3,25,75
242,2023-05-02,Male,21,Clothing,1,25,25
243,2023-05-23,Female,47,Electronics,3,300,900
244,2023-12-09,Male,28,Beauty,2,50,100
245,2023-09-06,Male,47,Clothing,3,30,90
246,2023-04-20,Female,48,Electronics,2,25,50
247,2023-10-04,Male,41,Electronics,2,30,60
248,2023-03-09,Male,26,Clothing,3,300,900
249,2023-10-20,Male,20,Clothing,1,50,50
250,2023-10-23,Male,48,Electronics,1,50,50
251,2023-08-31,Female,57,Beauty,4,50,200
252,2023-05-05,Male,54,Electronics,1,300,300
253,2023-08-31,Female,53,Clothing,4,500,2000
254,2023-07-28,Male,41,Electronics,1,500,500
255,2023-04-08,Male,48,Clothing,1,30,30
256,2023-02-18,Male,23,Clothing,2,500,1000
257,2023-02-19,Male,19,Beauty,4,500,2000
258,2023-12-04,Female,37,Clothing,1,50,50
259,2023-08-09,Female,45,Clothing,4,50,200
260,2023-07-01,Male,28,Beauty,2,30,60
261,2023-08-05,Male,21,Clothing,2,25,50
262,2023-07-30,Female,32,Beauty,4,30,120
263,2023-08-28,Male,23,Beauty,2,30,60
264,2023-01-28,Male,47,Clothing,3,300,900
265,2023-12-11,Male,55,Clothing,3,300,900
266,2023-12-01,Female,19,Electronics,2,30,60
267,2023-11-27,Female,32,Beauty,3,30,90
268,2023-02-20,Female,28,Electronics,1,30,30
269,2023-02-01,Male,25,Clothing,4,500,2000
270,2023-07-26,Male,43,Electronics,1,300,300
271,2023-06-23,Female,62,Beauty,4,30,120
272,2023-02-25,Female,61,Electronics,2,50,100
273,2023-05-08,Female,22,Beauty,1,50,50
274,2023-04-09,Female,23,Clothing,2,500,1000
275,2023-04-08,Male,43,Clothing,2,500,1000
276,2023-10-02,Female,21,Beauty,4,25,100
277,2023-08-18,Male,36,Clothing,4,25,100
278,2023-03-13,Female,37,Clothing,4,25,100
279,2023-08-05,Male,50,Clothing,1,500,500
280,2023-04-04,Female,37,Clothing,3,500,1500
281,2023-05-23,Female,29,Beauty,4,500,2000
282,2023-08-25,Female,64,Electronics,4,50,200
283,2023-05-08,Female,18,Electronics,1,500,500
284,2023-02-08,Male,43,Clothing,4,50,200
285,2023-08-15,Female,31,Electronics,1,25,25
286,2023-10-09,Male,55,Electronics,2,25,50
287,2023-02-20,Male,54,Clothing,4,25,100
288,2023-01-26,Male,28,Clothing,4,30,120
289,2023-11-30,Male,53,Electronics,2,30,60
290,2023-10-04,Female,30,Beauty,2,300,600
291,2023-01-08,Male,60,Clothing,2,300,600
292,2023-02-17,Male,20,Beauty,4,300,1200
293,2023-05-02,Male,50,Electronics,3,30,90
294,2023-03-27,Female,23,Clothing,3,30,90
295,2023-07-28,Female,27,Beauty,3,300,900
296,2023-09-06,Female,22,Clothing,4,300,1200
297,2023-09-04,Female,40,Electronics,2,500,1000
298,2023-04-20,Male,27,Beauty,4,300,1200
299,2023-07-25,Male,61,Electronics,2,500,1000
300,2023-01-31,Female,19,Electronics,4,50,200
301,2023-03-26,Male,30,Clothing,4,30,120
302,2023-07-14,Male,57,Beauty,2,300,600
303,2023-01-02,Male,19,Electronics,3,30,90
304,2023-07-19,Female,37,Electronics,2,30,60
305,2023-05-16,Female,18,Beauty,1,30,30
306,2023-08-21,Male,54,Electronics,1,50,50
307,2023-05-27,Female,26,Electronics,2,25,50
308,2023-08-05,Female,34,Beauty,4,300,1200
309,2023-12-23,Female,26,Beauty,1,25,25
310,2023-10-12,Female,28,Beauty,1,25,25
311,2023-12-05,Female,32,Beauty,4,25,100
312,2023-09-07,Male,41,Clothing,4,30,120
313,2023-03-21,Female,55,Beauty,3,500,1500
314,2023-04-08,Male,52,Clothing,4,30,120
315,2023-06-01,Male,47,Clothing,2,30,60
316,2023-04-22,Female,48,Clothing,2,25,50
317,2023-01-30,Male,22,Electronics,3,30,90
318,2023-10-24,Male,61,Clothing,1,25,25
319,2023-10-05,Male,31,Clothing,1,500,500
320,2023-02-01,Female,28,Electronics,4,300,1200
321,2023-06-10,Female,26,Electronics,2,25,50
322,2023-01-30,Male,51,Electronics,1,500,500
323,2023-01-26,Female,29,Beauty,3,300,900
324,2023-10-27,Female,52,Electronics,3,50,150
325,2023-09-02,Female,52,Electronics,2,25,50
326,2023-09-15,Female,18,Clothing,3,25,75
327,2023-09-29,Male,57,Electronics,3,50,150
328,2023-03-22,Male,39,Beauty,2,50,100
329,2023-01-30,Female,46,Electronics,4,25,100
330,2023-09-18,Female,25,Beauty,4,50,200
331,2023-02-11,Male,28,Electronics,3,30,90
332,2023-04-06,Male,58,Electronics,4,300,1200
333,2023-02-05,Female,54,Electronics,4,300,1200
334,2023-11-01,Male,31,Electronics,3,300,900
335,2023-02-04,Female,47,Beauty,4,30,120
336,2023-12-12,Female,52,Beauty,3,50,150
337,2023-05-01,Male,38,Clothing,1,500,500
338,2023-07-26,Male,54,Beauty,2,50,100
339,2023-03-03,Female,22,Electronics,2,25,50
340,2023-10-19,Female,36,Clothing,4,300,1200
341,2023-05-07,Male,31,Clothing,4,50,200
342,2023-10-24,Female,43,Clothing,4,500,2000
343,2023-11-01,Male,21,Electronics,2,25,50
344,2023-01-21,Female,42,Beauty,1,30,30
345,2023-11-14,Male,62,Electronics,1,30,30
346,2023-02-11,Male,59,Clothing,2,500,1000
347,2023-08-03,Male,42,Electronics,1,25,25
348,2023-12-03,Female,35,Electronics,2,300,600
349,2023-10-26,Female,57,Beauty,1,50,50
350,2023-10-17,Male,25,Beauty,3,25,75
351,2023-09-25,Female,56,Clothing,3,30,90
352,2023-06-11,Male,57,Electronics,2,500,1000
353,2023-05-14,Male,31,Electronics,1,500,500
354,2023-04-15,Female,49,Beauty,4,50,200
355,2023-12-09,Female,55,Electronics,1,500,500
356,2023-06-10,Male,50,Electronics,3,500,1500
357,2023-05-03,Female,40,Electronics,3,25,75
358,2023-05-16,Female,32,Beauty,1,300,300
359,2023-07-22,Male,50,Clothing,1,50,50
360,2023-03-09,Male,42,Clothing,4,25,100
361,2023-12-10,Female,34,Electronics,4,300,1200
362,2023-11-27,Male,50,Clothing,1,25,25
363,2023-06-03,Male,64,Beauty,1,25,25
364,2023-08-23,Female,19,Beauty,1,500,500
365,2023-06-11,Male,31,Clothing,1,300,300
366,2023-02-07,Male,57,Clothing,2,50,100
367,2023-01-05,Female,57,Electronics,1,50,50
368,2023-08-23,Female,56,Clothing,4,300,1200
369,2023-11-15,Male,23,Electronics,3,500,1500
370,2023-10-16,Male,23,Electronics,2,30,60
371,2023-02-21,Female,20,Beauty,1,25,25
372,2023-02-07,Female,24,Beauty,3,500,1500
373,2023-10-03,Female,25,Beauty,2,300,600
374,2023-04-20,Female,59,Beauty,3,25,75
375,2023-09-17,Male,32,Clothing,1,50,50
376,2023-05-16,Female,64,Beauty,1,30,30
377,2023-03-09,Female,46,Clothing,4,50,200
378,2023-06-28,Male,50,Beauty,1,300,300
379,2023-02-05,Female,47,Clothing,1,25,25
380,2023-05-06,Male,56,Electronics,2,300,600
381,2023-07-09,Female,44,Clothing,4,25,100
382,2023-05-26,Female,53,Clothing,2,500,1000
383,2023-03-22,Female,46,Beauty,3,30,90
384,2023-08-13,Male,55,Clothing,1,500,500
385,2023-10-06,Male,50,Electronics,3,500,1500
386,2023-12-27,Female,54,Electronics,2,300,600
387,2023-06-04,Male,44,Beauty,1,30,30
388,2023-11-10,Male,50,Electronics,1,25,25
389,2023-12-01,Male,21,Clothing,2,25,50
390,2023-09-28,Male,39,Electronics,2,50,100
391,2023-01-05,Male,19,Beauty,2,25,50
392,2023-12-08,Male,27,Clothing,2,300,600
393,2023-10-11,Female,22,Beauty,2,500,1000
394,2023-06-03,Female,27,Clothing,1,500,500
395,2023-12-06,Male,50,Electronics,2,500,1000
396,2023-02-23,Female,55,Beauty,1,30,30
397,2023-03-10,Female,30,Beauty,1,25,25
398,2023-05-16,Female,48,Clothing,2,300,600
399,2023-03-01,Female,64,Beauty,2,30,60
400,2023-02-24,Male,53,Clothing,4,50,200
401,2023-10-11,Female,62,Clothing,1,300,300
402,2023-03-21,Female,41,Clothing,2,300,600
403,2023-05-20,Male,32,Clothing,2,300,600
404,2023-05-25,Male,46,Electronics,2,500,1000
405,2023-11-06,Female,25,Clothing,4,300,1200
406,2023-04-18,Female,22,Beauty,4,25,100
407,2023-06-25,Female,46,Electronics,3,300,900
408,2023-04-15,Female,64,Beauty,1,500,500
409,2023-12-18,Female,21,Electronics,3,300,900
410,2023-11-21,Female,29,Clothing,2,50,100
411,2023-05-16,Male,62,Electronics,4,50,200
412,2023-09-16,Female,19,Electronics,4,500,2000
413,2023-09-08,Female,44,Beauty,3,25,75
414,2023-05-09,Male,48,Beauty,4,25,100
415,2023-01-27,Male,53,Clothing,2,30,60
416,2023-02-17,Male,53,Electronics,4,500,2000
417,2023-11-21,Male,43,Electronics,3,300,900
418,2023-08-05,Female,60,Electronics,2,500,1000
419,2023-05-22,Female,44,Clothing,3,30,90
420,2023-01-23,Female,22,Clothing,4,500,2000
421,2023-01-02,Female,37,Clothing,3,500,1500
422,2023-06-20,Female,28,Clothing,3,30,90
423,2023-03-08,Female,27,Clothing,1,25,25
424,2023-11-23,Male,57,Beauty,4,300,1200
425,2023-05-15,Female,55,Electronics,4,30,120
426,2023-03-24,Male,23,Electronics,3,50,150
427,2023-08-15,Male,25,Electronics,1,25,25
428,2023-10-10,Female,40,Electronics,4,50,200
429,2023-12-28,Male,64,Electronics,2,25,50
430,2023-08-07,Female,43,Electronics,3,300,900
431,2023-10-15,Male,63,Electronics,4,300,1200
432,2023-01-05,Female,60,Electronics,2,500,1000
433,2023-02-27,Male,29,Beauty,4,50,200
434,2023-02-08,Female,43,Electronics,2,25,50
435,2023-12-20,Female,30,Beauty,3,300,900
436,2023-03-18,Female,57,Clothing,4,30,120
437,2023-10-07,Female,35,Electronics,4,300,1200
438,2023-01-19,Female,42,Clothing,1,30,30
439,2023-07-09,Male,50,Clothing,3,25,75
440,2023-10-26,Male,64,Clothing,2,300,600
441,2023-10-10,Male,57,Beauty,4,300,1200
442,2023-03-17,Female,60,Clothing,4,25,100
443,2023-08-09,Male,29,Clothing,2,300,600
444,2023-03-07,Female,61,Clothing,3,30,90
445,2023-01-22,Female,53,Electronics,1,300,300
446,2023-06-07,Male,21,Electronics,1,50,50
447,2023-07-06,Male,22,Beauty,4,500,2000
448,2023-01-21,Female,54,Beauty,2,30,60
449,2023-07-03,Male,25,Electronics,4,50,200
450,2023-04-18,Female,59,Beauty,2,25,50
451,2023-12-16,Female,45,Electronics,1,30,30
452,2023-05-08,Female,48,Clothing,3,500,1500
453,2023-12-08,Female,26,Clothing,2,500,1000
454,2023-02-22,Female,46,Beauty,1,25,25
455,2023-07-01,Male,31,Electronics,4,25,100
456,2023-10-14,Male,57,Electronics,2,30,60
457,2023-07-28,Female,58,Beauty,3,300,900
458,2023-11-14,Female,39,Electronics,4,25,100
459,2023-03-21,Male,28,Clothing,4,300,1200
460,2023-05-02,Male,40,Beauty,1,50,50
461,2023-03-25,Female,18,Beauty,2,500,1000
462,2023-04-01,Male,63,Electronics,4,300,1200
463,2023-07-31,Female,54,Beauty,3,500,1500
464,2023-01-13,Male,38,Electronics,2,300,600
465,2023-04-02,Female,43,Electronics,3,50,150
466,2023-06-20,Male,63,Electronics,4,25,100
467,2023-07-30,Female,53,Electronics,3,50,150
468,2023-12-09,Male,40,Electronics,1,25,25
469,2023-05-08,Male,18,Beauty,3,25,75
470,2023-05-17,Female,57,Clothing,2,500,1000
471,2023-03-23,Male,32,Clothing,3,50,150
472,2023-12-26,Female,38,Beauty,3,300,900
473,2023-02-25,Male,64,Beauty,1,50,50
474,2023-07-15,Female,26,Clothing,3,500,1500
475,2023-01-20,Male,26,Clothing,3,25,75
476,2023-08-29,Female,27,Clothing,4,500,2000
477,2023-04-24,Male,43,Clothing,4,30,120
478,2023-04-13,Female,58,Clothing,2,30,60
479,2023-08-24,Male,52,Electronics,4,300,1200
480,2023-06-29,Female,42,Beauty,4,500,2000
481,2023-06-06,Female,43,Electronics,4,300,1200
482,2023-04-27,Female,28,Clothing,4,300,1200
483,2023-04-25,Male,55,Clothing,1,30,30
484,2023-01-13,Female,19,Clothing,4,300,1200
485,2023-12-04,Male,24,Electronics,1,30,30
486,2023-04-09,Female,35,Electronics,1,25,25
487,2023-07-24,Male,44,Clothing,4,500,2000
488,2023-06-18,Female,51,Electronics,3,300,900
489,2023-05-23,Male,44,Electronics,1,30,30
490,2023-02-05,Male,34,Clothing,3,50,150
491,2023-05-23,Female,60,Electronics,3,300,900
492,2023-06-29,Male,61,Beauty,4,25,100
493,2023-11-25,Male,41,Beauty,2,25,50
494,2023-09-18,Female,42,Beauty,4,50,200
495,2023-07-24,Male,24,Beauty,2,30,60
496,2023-12-14,Male,23,Clothing,2,300,600
497,2023-10-02,Male,41,Clothing,4,30,120
498,2023-06-19,Female,50,Clothing,4,25,100
499,2023-01-15,Male,46,Beauty,2,30,60
500,2023-03-01,Female,60,Beauty,4,25,100
501,2023-05-14,Male,39,Electronics,2,30,60
502,2023-04-02,Male,43,Electronics,3,50,150
503,2023-10-25,Male,45,Beauty,4,500,2000
504,2023-05-16,Female,38,Beauty,3,50,150
505,2023-01-20,Male,24,Beauty,1,50,50
506,2023-02-25,Male,34,Beauty,3,500,1500
507,2023-11-02,Female,37,Electronics,3,500,1500
508,2023-08-11,Male,58,Beauty,2,300,600
509,2023-06-26,Female,37,Electronics,3,300,900
510,2023-06-10,Female,39,Beauty,4,50,200
511,2023-08-12,Male,45,Beauty,2,50,100
512,2023-11-07,Female,57,Beauty,1,25,25
513,2023-09-19,Male,24,Electronics,4,25,100
514,2023-03-01,Female,18,Electronics,1,300,300
515,2023-07-17,Female,49,Clothing,3,300,900
516,2023-10-23,Male,30,Beauty,4,25,100
517,2023-04-08,Female,47,Clothing,4,25,100
518,2023-05-11,Female,40,Clothing,1,30,30
519,2023-01-23,Female,36,Electronics,4,30,120
520,2023-12-29,Female,49,Electronics,4,25,100
521,2023-08-12,Female,47,Clothing,4,30,120
522,2023-01-01,Male,46,Beauty,3,500,1500
523,2023-09-24,Female,62,Electronics,1,300,300
524,2023-10-03,Male,46,Beauty,4,300,1200
525,2023-12-18,Female,47,Beauty,2,25,50
526,2023-12-10,Male,33,Clothing,2,50,100
527,2023-04-11,Male,57,Clothing,2,25,50
528,2023-07-06,Female,36,Clothing,2,30,60
529,2023-08-09,Female,35,Clothing,3,50,150
530,2023-02-05,Female,18,Electronics,4,30,120
531,2023-12-07,Male,31,Electronics,1,500,500
532,2023-06-19,Female,64,Clothing,4,30,120
533,2023-11-16,Male,19,Electronics,3,500,1500
534,2023-06-10,Male,45,Clothing,2,500,1000
535,2023-12-06,Male,47,Beauty,3,30,90
536,2023-03-05,Female,55,Beauty,4,30,120
537,2023-06-03,Female,21,Beauty,1,500,500
538,2023-09-17,Male,18,Clothing,3,50,150
539,2023-06-08,Male,25,Beauty,1,500,500
540,2023-12-08,Female,46,Electronics,3,300,900
541,2023-07-29,Male,56,Beauty,1,500,500
542,2023-06-17,Female,20,Beauty,1,50,50
543,2023-07-26,Male,49,Beauty,2,300,600
544,2023-12-23,Female,27,Electronics,1,25,25
545,2023-06-01,Male,27,Clothing,2,25,50
546,2023-10-11,Female,36,Electronics,4,50,200
547,2023-03-07,Male,63,Clothing,4,500,2000
548,2023-04-09,Female,51,Clothing,2,30,60
549,2023-08-04,Female,50,Beauty,2,50,100
550,2023-12-07,Male,40,Clothing,3,300,900
551,2023-07-14,Male,45,Electronics,3,300,900
552,2023-12-13,Female,49,Electronics,3,25,75
553,2023-03-31,Male,24,Clothing,4,300,1200
554,2023-11-12,Female,46,Beauty,3,50,150
555,2023-10-19,Male,25,Beauty,1,300,300
556,2023-06-04,Female,18,Electronics,1,50,50
557,2023-07-27,Female,20,Beauty,3,30,90
558,2023-10-08,Female,41,Clothing,1,25,25
559,2023-01-01,Female,40,Clothing,4,300,1200
560,2023-06-05,Female,25,Electronics,1,50,50
561,2023-05-27,Female,64,Clothing,4,500,2000
562,2023-04-18,Male,54,Electronics,2,25,50
563,2023-08-09,Male,20,Clothing,2,30,60
564,2023-10-24,Male,50,Electronics,2,50,100
565,2023-11-07,Female,45,Beauty,2,30,60
566,2023-12-02,Female,64,Clothing,1,30,30
567,2023-06-14,Female,25,Clothing,3,300,900
568,2023-08-27,Female,51,Electronics,1,300,300
569,2023-08-15,Male,52,Electronics,4,50,200
570,2023-08-15,Male,49,Clothing,1,500,500
571,2023-12-12,Female,41,Electronics,1,50,50
572,2023-04-20,Male,31,Clothing,4,500,2000
573,2023-09-19,Male,49,Beauty,2,30,60
574,2023-08-31,Female,63,Electronics,2,25,50
575,2023-03-28,Male,60,Clothing,2,50,100
576,2023-12-04,Female,33,Beauty,3,50,150
577,2023-02-13,Male,21,Beauty,4,500,2000
578,2023-05-26,Female,54,Clothing,4,30,120
579,2023-09-21,Female,38,Electronics,1,30,30
580,2023-12-06,Female,31,Clothing,3,500,1500
581,2023-11-21,Female,48,Beauty,2,30,60
582,2023-11-14,Male,35,Clothing,3,300,900
583,2023-06-21,Female,24,Electronics,4,25,100
584,2023-02-17,Female,27,Beauty,4,50,200
585,2023-05-01,Female,24,Clothing,1,25,25
586,2023-12-11,Male,50,Electronics,1,50,50
587,2023-06-08,Female,40,Beauty,4,300,1200
588,2023-04-26,Male,38,Electronics,2,30,60
589,2023-04-12,Female,36,Beauty,2,500,1000
590,2023-03-17,Male,36,Clothing,3,300,900
591,2023-01-13,Male,53,Electronics,4,25,100
592,2023-01-24,Female,46,Beauty,4,500,2000
593,2023-05-06,Male,35,Electronics,2,30,60
594,2023-09-01,Female,19,Electronics,2,300,600
595,2023-11-09,Female,18,Clothing,4,500,2000
596,2023-02-07,Female,64,Electronics,1,300,300
597,2023-08-22,Male,22,Beauty,4,300,1200
598,2023-08-01,Male,37,Beauty,4,30,120
599,2023-11-19,Female,28,Beauty,2,50,100
600,2023-10-22,Female,59,Beauty,2,500,1000
601,2023-04-10,Male,19,Clothing,1,30,30
602,2023-12-23,Female,20,Electronics,1,300,300
603,2023-07-16,Female,40,Clothing,3,30,90
604,2023-09-11,Female,29,Electronics,4,50,200
605,2023-07-24,Male,37,Electronics,2,500,1000
606,2023-05-05,Male,22,Electronics,1,50,50
607,2023-03-17,Male,54,Clothing,3,25,75
608,2023-12-02,Female,55,Electronics,3,500,1500
609,2023-12-19,Female,47,Clothing,2,50,100
610,2023-01-03,Female,26,Beauty,2,300,600
611,2023-02-24,Male,51,Beauty,3,500,1500
612,2023-08-06,Female,61,Electronics,1,500,500
613,2023-04-23,Female,52,Clothing,3,30,90
614,2023-04-01,Female,39,Beauty,4,300,1200
615,2023-12-23,Female,61,Clothing,4,25,100
616,2023-09-23,Male,41,Clothing,2,50,100
617,2023-08-26,Male,34,Electronics,1,30,30
618,2023-01-26,Female,27,Beauty,1,50,50
619,2023-10-13,Male,47,Electronics,4,25,100
620,2023-05-08,Male,63,Electronics,3,25,75
621,2023-03-04,Female,40,Beauty,2,500,1000
622,2023-08-22,Female,49,Beauty,3,25,75
623,2023-03-10,Male,34,Clothing,3,50,150
624,2023-08-26,Female,34,Beauty,3,300,900
625,2023-12-08,Male,31,Clothing,1,300,300
626,2023-09-29,Female,26,Clothing,4,500,2000
627,2023-10-14,Male,57,Clothing,1,50,50
628,2023-11-01,Female,19,Beauty,4,50,200
629,2023-06-12,Male,62,Electronics,2,25,50
630,2023-08-15,Male,42,Clothing,2,50,100
631,2023-11-10,Male,56,Electronics,3,30,90
632,2023-09-16,Female,26,Electronics,4,25,100
633,2023-08-07,Male,39,Beauty,4,30,120
634,2023-10-08,Male,60,Electronics,4,500,2000
635,2023-08-17,Female,63,Electronics,3,300,900
636,2023-03-23,Female,21,Beauty,3,500,1500
637,2023-09-01,Male,43,Clothing,2,300,600
638,2023-08-19,Male,46,Electronics,1,500,500
639,2023-05-13,Female,62,Beauty,4,50,200
640,2023-05-07,Female,51,Electronics,4,30,120
641,2023-11-23,Female,40,Electronics,1,300,300
642,2023-05-22,Female,54,Clothing,4,25,100
643,2023-09-24,Female,28,Electronics,3,30,90
644,2023-09-06,Male,23,Beauty,3,25,75
645,2023-11-17,Female,35,Electronics,4,30,120
646,2023-05-03,Male,38,Clothing,3,30,90
647,2023-05-21,Male,59,Clothing,3,500,1500
648,2023-08-14,Male,53,Beauty,4,300,1200
649,2023-02-09,Female,58,Clothing,2,300,600
650,2024-01-01,Male,55,Electronics,1,30,30
651,2023-05-27,Male,51,Clothing,3,50,150
652,2023-05-01,Female,34,Beauty,2,50,100
653,2023-05-20,Male,54,Clothing,3,25,75
654,2023-06-21,Male,42,Clothing,3,25,75
655,2023-06-13,Female,55,Clothing,1,500,500
656,2023-10-04,Male,29,Beauty,3,30,90
657,2023-02-11,Male,40,Clothing,1,25,25
658,2023-03-12,Male,59,Clothing,1,25,25
659,2023-03-19,Female,39,Electronics,1,30,30
660,2023-04-29,Female,38,Beauty,2,500,1000
661,2023-07-16,Female,44,Clothing,4,25,100
662,2023-12-22,Male,48,Beauty,2,500,1000
663,2023-03-20,Male,23,Clothing,4,300,1200
664,2023-12-28,Female,44,Clothing,4,500,2000
665,2023-04-20,Male,57,Clothing,1,50,50
666,2023-02-02,Male,51,Electronics,3,50,150
667,2023-08-01,Female,29,Electronics,1,500,500
668,2023-07-28,Female,62,Electronics,3,50,150
669,2023-06-19,Male,24,Beauty,4,300,1200
670,2023-10-05,Male,27,Beauty,1,30,30
671,2023-08-27,Male,62,Electronics,3,50,150
672,2023-08-01,Female,34,Beauty,2,50,100
673,2023-02-01,Female,43,Clothing,3,500,1500
674,2023-04-16,Female,38,Clothing,1,300,300
675,2023-08-04,Female,45,Clothing,2,30,60
676,2023-07-19,Male,63,Electronics,3,500,1500
677,2023-10-27,Female,19,Beauty,3,500,1500
678,2023-12-23,Female,60,Electronics,3,300,900
679,2023-01-11,Female,18,Beauty,3,30,90
680,2023-10-22,Female,53,Clothing,3,300,900
681,2023-07-14,Female,43,Electronics,2,30,60
682,2023-09-02,Male,46,Beauty,4,300,1200
683,2023-01-04,Male,38,Beauty,2,500,1000
684,2023-06-30,Female,28,Clothing,2,500,1000
685,2023-06-02,Male,57,Electronics,2,25,50
686,2023-07-19,Female,28,Electronics,4,50,200
687,2023-08-03,Female,53,Electronics,1,300,300
688,2023-10-03,Male,56,Clothing,4,25,100
689,2023-10-07,Male,57,Electronics,2,50,100
690,2023-11-05,Female,52,Clothing,3,300,900
691,2023-04-23,Female,51,Clothing,3,30,90
692,2023-09-07,Female,64,Clothing,2,50,100
693,2023-04-23,Male,41,Beauty,3,500,1500
694,2023-05-20,Female,39,Electronics,2,25,50
695,2023-08-12,Female,22,Electronics,3,50,150
696,2023-09-06,Female,50,Clothing,4,50,200
697,2023-01-15,Male,53,Clothing,1,500,500
698,2023-07-19,Female,64,Electronics,1,300,300
699,2023-06-22,Female,37,Clothing,4,30,120
700,2023-12-09,Male,36,Electronics,4,500,2000
701,2023-12-14,Female,52,Beauty,2,30,60
702,2023-07-27,Female,60,Clothing,2,300,600
703,2023-03-26,Male,34,Electronics,2,50,100
704,2023-08-28,Female,62,Clothing,3,30,90
705,2023-03-07,Male,60,Electronics,2,25,50
706,2023-11-15,Male,51,Electronics,4,25,100
707,2023-10-01,Female,26,Clothing,1,500,500
708,2023-01-14,Female,43,Beauty,3,300,900
709,2023-07-21,Female,19,Electronics,2,500,1000
710,2023-10-31,Female,26,Electronics,3,500,1500
711,2023-10-16,Male,26,Electronics,3,500,1500
712,2023-12-06,Female,57,Beauty,2,25,50
713,2023-01-14,Male,34,Beauty,3,25,75
714,2023-02-12,Female,18,Clothing,1,500,500
715,2023-11-26,Female,42,Beauty,4,25,100
716,2023-08-08,Female,60,Clothing,4,300,1200
717,2023-03-11,Male,57,Clothing,1,500,500
718,2023-08-25,Female,59,Beauty,3,25,75
719,2023-04-04,Female,42,Clothing,2,30,60
720,2023-01-26,Female,56,Beauty,3,500,1500
721,2023-05-14,Female,52,Clothing,1,500,500
722,2023-07-14,Male,20,Beauty,3,300,900
723,2023-06-17,Female,54,Beauty,4,50,200
724,2023-04-19,Male,61,Clothing,3,50,150
725,2023-08-21,Male,61,Electronics,1,300,300
726,2023-06-17,Male,47,Clothing,4,300,1200
727,2023-06-22,Male,55,Beauty,3,300,900
728,2023-07-14,Male,51,Electronics,3,50,150
729,2023-05-23,Male,29,Clothing,4,300,1200
730,2023-08-04,Female,36,Clothing,2,25,50
731,2023-05-10,Male,54,Clothing,4,500,2000
732,2023-02-11,Male,61,Electronics,2,500,1000
733,2023-08-29,Male,34,Beauty,1,30,30
734,2023-01-10,Female,27,Clothing,1,30,30
735,2023-10-04,Female,64,Clothing,4,500,2000
736,2023-01-27,Male,29,Clothing,4,25,100
737,2023-06-29,Female,33,Clothing,1,50,50
738,2023-04-25,Male,41,Clothing,2,50,100
739,2023-11-29,Male,36,Beauty,1,25,25
740,2023-02-05,Female,25,Beauty,4,50,200
741,2023-11-30,Male,48,Clothing,1,300,300
742,2023-01-21,Female,38,Electronics,4,500,2000
743,2023-01-16,Female,34,Beauty,4,500,2000
744,2023-05-07,Male,40,Electronics,1,25,25
745,2023-04-13,Male,54,Beauty,2,50,100
746,2023-01-11,Female,33,Clothing,3,30,90
747,2023-11-15,Male,23,Beauty,1,30,30
748,2023-03-20,Male,25,Clothing,3,50,150
749,2023-05-03,Male,42,Beauty,1,30,30
750,2023-03-06,Female,35,Clothing,3,25,75
751,2023-08-31,Female,42,Clothing,2,25,50
752,2023-12-09,Male,29,Clothing,2,50,100
753,2023-02-28,Female,32,Clothing,1,30,30
754,2023-10-16,Female,43,Electronics,4,25,100
755,2023-04-22,Female,58,Clothing,3,25,75
756,2023-08-27,Female,62,Electronics,4,300,1200
757,2023-12-25,Female,43,Electronics,4,300,1200
758,2023-05-12,Male,64,Clothing,4,25,100
759,2023-07-08,Male,49,Electronics,2,50,100
760,2023-03-27,Male,27,Beauty,1,500,500
761,2023-11-07,Female,33,Clothing,1,500,500
762,2023-11-07,Female,24,Electronics,2,25,50
763,2023-02-28,Male,34,Clothing,2,25,50
764,2023-03-25,Female,40,Clothing,1,25,25
765,2023-06-09,Male,43,Clothing,4,50,200
766,2023-02-25,Male,38,Electronics,3,300,900
767,2023-10-24,Male,39,Beauty,3,25,75
768,2023-01-14,Female,24,Beauty,3,25,75
769,2023-06-09,Female,31,Electronics,4,30,120
770,2023-10-22,Male,32,Clothing,1,50,50
771,2023-12-13,Male,24,Electronics,2,25,50
772,2023-07-12,Male,26,Electronics,1,30,30
773,2023-07-23,Male,25,Electronics,4,500,2000
774,2023-04-12,Female,40,Clothing,2,25,50
775,2023-02-08,Female,46,Electronics,4,25,100
776,2023-10-31,Male,35,Clothing,3,30,90
777,2023-12-20,Male,48,Electronics,3,50,150
778,2023-11-18,Female,47,Beauty,4,25,100
779,2023-05-05,Female,56,Electronics,2,500,1000
780,2023-02-22,Male,52,Electronics,2,25,50
781,2023-12-23,Male,35,Beauty,1,500,500
782,2023-06-04,Male,59,Clothing,3,300,900
783,2023-12-17,Female,56,Clothing,1,300,300
784,2023-11-04,Female,34,Electronics,1,500,500
785,2023-03-03,Female,31,Beauty,4,50,200
786,2023-10-17,Male,48,Clothing,4,25,100
787,2023-01-22,Male,41,Electronics,1,25,25
788,2023-06-27,Female,52,Beauty,3,300,900
789,2023-09-30,Female,61,Clothing,4,500,2000
790,2023-08-08,Male,62,Clothing,1,25,25
791,2023-12-05,Female,51,Beauty,1,25,25
792,2023-07-09,Female,20,Beauty,1,50,50
793,2023-02-05,Male,54,Beauty,1,30,30
794,2023-09-17,Female,60,Beauty,1,300,300
795,2023-11-28,Male,57,Electronics,1,300,300
796,2023-06-24,Male,43,Beauty,4,30,120
797,2023-01-07,Male,40,Clothing,3,25,75
798,2023-08-04,Male,61,Clothing,1,50,50
799,2023-09-08,Male,56,Electronics,2,50,100
800,2023-02-24,Male,32,Clothing,4,300,1200
801,2023-08-10,Male,21,Clothing,4,50,200
802,2023-07-05,Female,46,Beauty,1,30,30
803,2023-11-22,Male,39,Clothing,4,25,100
804,2023-08-24,Male,42,Electronics,1,30,30
805,2023-12-29,Female,30,Beauty,3,500,1500
806,2023-03-20,Female,35,Beauty,3,300,900
807,2023-08-11,Female,50,Electronics,4,50,200
808,2023-04-01,Male,33,Beauty,4,500,2000
809,2023-09-25,Female,62,Beauty,2,50,100
810,2023-11-30,Male,59,Electronics,4,25,100
811,2023-05-19,Male,61,Beauty,2,25,50
812,2023-11-12,Male,19,Electronics,3,25,75
813,2023-10-03,Male,52,Electronics,3,50,150
814,2023-09-05,Female,59,Clothing,1,500,500
815,2023-08-27,Female,51,Clothing,3,25,75
816,2023-08-12,Male,47,Beauty,2,500,1000
817,2023-10-31,Male,30,Beauty,4,50,200
818,2023-05-18,Male,30,Electronics,1,500,500
819,2023-06-15,Female,35,Beauty,2,50,100
820,2023-05-06,Male,49,Electronics,4,50,200
821,2023-02-14,Male,49,Electronics,1,300,300
822,2023-05-23,Female,52,Beauty,3,50,150
823,2023-08-19,Female,56,Electronics,2,50,100
824,2023-05-05,Male,63,Clothing,4,30,120
825,2023-08-26,Female,46,Beauty,1,25,25
826,2023-10-19,Female,46,Clothing,1,300,300
827,2023-11-09,Male,61,Beauty,3,300,900
828,2023-12-09,Female,33,Electronics,4,300,1200
829,2023-07-14,Male,61,Beauty,3,30,90
830,2023-06-22,Female,64,Clothing,3,50,150
831,2023-01-15,Male,27,Electronics,4,25,100
832,2023-09-11,Male,47,Beauty,4,500,2000
833,2023-06-16,Male,42,Beauty,4,50,200
834,2023-04-04,Female,56,Beauty,2,30,60
835,2023-09-07,Male,37,Clothing,4,50,200
836,2023-04-19,Female,22,Clothing,1,50,50
837,2023-07-01,Male,18,Beauty,3,30,90
838,2023-05-13,Male,47,Electronics,2,300,600
839,2023-06-24,Female,20,Electronics,4,300,1200
840,2023-05-24,Male,62,Clothing,2,25,50
841,2023-11-02,Male,31,Electronics,4,25,100
842,2023-12-26,Female,47,Clothing,2,300,600
843,2023-05-22,Male,21,Beauty,3,500,1500
844,2023-10-12,Male,35,Clothing,3,50,150
845,2023-01-06,Male,54,Clothing,1,500,500
846,2023-09-22,Male,42,Beauty,1,50,50
847,2023-04-08,Female,18,Electronics,4,300,1200
848,2023-02-13,Female,63,Clothing,3,25,75
849,2023-05-04,Male,32,Clothing,2,25,50
850,2023-07-28,Female,26,Beauty,2,500,1000
851,2023-09-08,Male,32,Electronics,2,25,50
852,2023-10-12,Female,41,Clothing,1,300,300
853,2023-05-04,Male,21,Beauty,2,500,1000
854,2023-12-20,Male,29,Clothing,1,50,50
855,2023-09-01,Male,54,Beauty,1,25,25
856,2023-11-27,Male,54,Electronics,4,30,120
857,2023-12-31,Male,60,Electronics,2,25,50
858,2023-09-09,Male,23,Electronics,2,50,100
859,2023-08-18,Female,56,Electronics,3,500,1500
860,2023-01-09,Male,63,Clothing,4,50,200
861,2023-02-17,Female,41,Clothing,3,30,90
862,2023-05-31,Male,28,Electronics,4,300,1200
863,2023-04-24,Female,30,Electronics,2,25,50
864,2023-07-27,Female,51,Electronics,1,500,500
865,2023-12-21,Female,42,Clothing,1,300,300
866,2023-05-05,Male,24,Electronics,1,50,50
867,2023-06-06,Male,21,Electronics,1,500,500
868,2023-12-06,Female,25,Electronics,1,300,300
869,2023-10-25,Male,37,Beauty,3,500,1500
870,2023-07-08,Female,46,Electronics,4,30,120
871,2023-08-31,Male,62,Beauty,2,30,60
872,2023-10-11,Female,63,Beauty,3,25,75
873,2023-09-29,Female,27,Electronics,4,25,100
874,2023-06-26,Male,60,Beauty,1,30,30
875,2023-08-06,Female,51,Electronics,4,500,2000
876,2023-10-09,Male,43,Clothing,4,30,120
877,2023-06-19,Female,58,Clothing,1,25,25
878,2023-06-30,Female,20,Clothing,1,30,30
879,2023-12-26,Male,23,Clothing,1,30,30
880,2023-08-21,Male,22,Beauty,2,500,1000
881,2023-05-19,Male,22,Electronics,1,300,300
882,2023-06-06,Female,64,Electronics,2,25,50
883,2023-05-09,Male,40,Electronics,1,500,500
884,2023-04-29,Female,26,Clothing,2,30,60
885,2023-03-03,Female,52,Clothing,4,30,120
886,2023-04-09,Male,37,Electronics,3,300,900
887,2023-06-11,Male,59,Clothing,4,25,100
888,2023-03-03,Female,52,Electronics,4,25,100
889,2023-10-02,Female,35,Electronics,1,50,50
890,2023-12-20,Male,34,Electronics,2,25,50
891,2023-04-05,Male,41,Electronics,3,300,900
892,2023-04-09,Male,20,Electronics,1,50,50
893,2023-04-21,Male,49,Electronics,1,50,50
894,2023-09-05,Male,52,Electronics,1,30,30
895,2023-05-22,Female,55,Clothing,4,30,120
896,2023-10-29,Female,30,Electronics,2,25,50
897,2023-09-26,Female,64,Electronics,2,50,100
898,2023-11-02,Female,42,Clothing,3,30,90
899,2023-05-25,Male,26,Clothing,2,300,600
900,2023-02-21,Male,21,Clothing,2,30,60
901,2023-04-10,Male,31,Electronics,1,30,30
902,2023-06-01,Female,54,Beauty,1,50,50
903,2023-04-27,Female,51,Beauty,4,50,200
904,2023-07-04,Male,28,Clothing,1,500,500
905,2023-04-02,Male,58,Beauty,1,300,300
906,2023-06-04,Female,20,Clothing,1,50,50
907,2023-01-08,Female,45,Electronics,1,25,25
908,2023-12-29,Male,46,Beauty,4,300,1200
909,2023-10-01,Male,26,Electronics,1,300,300
910,2023-03-06,Female,20,Beauty,3,50,150
911,2023-05-21,Male,42,Electronics,3,300,900
912,2023-01-24,Male,51,Beauty,3,50,150
913,2023-01-28,Male,29,Electronics,3,30,90
914,2023-10-11,Female,59,Electronics,1,500,500
915,2023-05-30,Female,26,Beauty,3,30,90
916,2023-12-24,Female,32,Electronics,1,50,50
917,2023-03-06,Female,57,Electronics,4,50,200
918,2023-11-23,Female,42,Electronics,3,30,90
919,2023-09-09,Female,22,Beauty,2,25,50
920,2023-02-22,Female,28,Beauty,3,25,75
921,2023-01-07,Male,51,Electronics,3,25,75
922,2023-10-21,Male,41,Electronics,1,50,50
923,2023-05-26,Male,32,Beauty,3,300,900
924,2023-08-29,Male,55,Beauty,2,50,100
925,2023-09-03,Male,25,Electronics,1,300,300
926,2023-08-14,Male,22,Electronics,1,30,30
927,2023-06-24,Male,43,Electronics,4,500,2000
928,2023-04-05,Female,35,Clothing,4,300,1200
929,2023-01-27,Female,23,Beauty,3,25,75
930,2023-05-10,Male,54,Clothing,4,50,200
931,2023-09-02,Male,30,Beauty,4,30,120
932,2023-02-28,Female,45,Beauty,4,25,100
933,2023-02-03,Male,22,Beauty,1,30,30
934,2023-07-25,Male,30,Beauty,1,500,500
935,2023-09-09,Female,34,Beauty,1,50,50
936,2023-02-07,Male,57,Beauty,4,50,200
937,2023-10-23,Female,62,Beauty,1,500,500
938,2023-11-19,Male,49,Clothing,4,50,200
939,2023-12-18,Female,46,Electronics,1,300,300
940,2023-01-28,Female,20,Electronics,1,30,30
941,2023-03-19,Female,57,Clothing,2,25,50
942,2023-03-18,Male,51,Clothing,3,500,1500
943,2023-10-16,Female,57,Clothing,4,300,1200
944,2023-06-05,Male,44,Clothing,2,25,50
945,2023-02-13,Male,30,Beauty,1,25,25
946,2023-05-08,Male,62,Electronics,4,500,2000
947,2023-03-02,Male,50,Beauty,1,300,300
948,2023-10-13,Female,23,Electronics,3,25,75
949,2023-08-02,Female,41,Electronics,2,25,50
950,2023-11-07,Male,36,Clothing,3,300,900
951,2023-11-02,Male,33,Beauty,2,50,100
952,2023-11-13,Female,57,Clothing,1,25,25
953,2023-04-26,Male,45,Beauty,3,30,90
954,2023-09-25,Female,50,Electronics,3,300,900
955,2023-07-14,Male,58,Clothing,1,25,25
956,2023-08-19,Male,30,Clothing,3,500,1500
957,2023-08-15,Female,60,Electronics,4,30,120
958,2023-06-02,Male,62,Electronics,2,25,50
959,2023-10-29,Female,42,Electronics,2,30,60
960,2023-08-08,Male,59,Clothing,2,30,60
961,2023-06-06,Male,53,Beauty,4,50,200
962,2023-10-19,Male,44,Clothing,2,30,60
963,2023-11-14,Female,55,Beauty,1,50,50
964,2023-01-31,Male,24,Clothing,3,300,900
965,2023-11-09,Male,22,Clothing,4,50,200
966,2023-02-20,Male,60,Electronics,2,500,1000
967,2023-04-17,Male,62,Beauty,1,25,25
968,2023-11-17,Female,48,Clothing,3,300,900
969,2023-04-19,Female,40,Clothing,3,300,900
970,2023-05-16,Male,59,Electronics,4,500,2000
971,2023-12-05,Female,27,Electronics,4,50,200
972,2023-02-11,Male,49,Beauty,4,25,100
973,2023-03-22,Male,60,Clothing,1,50,50
974,2023-05-03,Male,47,Beauty,1,30,30
975,2023-03-30,Female,56,Clothing,4,50,200
976,2023-10-10,Female,48,Beauty,2,300,600
977,2023-02-08,Female,35,Electronics,3,25,75
978,2023-03-22,Female,53,Clothing,3,50,150
979,2023-01-02,Female,19,Beauty,1,25,25
980,2023-07-29,Female,31,Electronics,3,25,75
981,2023-08-19,Female,30,Electronics,2,30,60
982,2023-12-19,Female,46,Beauty,3,30,90
983,2023-11-01,Female,29,Clothing,1,300,300
984,2023-08-29,Male,56,Clothing,1,500,500
985,2023-05-30,Female,19,Electronics,2,25,50
986,2023-01-17,Female,49,Clothing,2,500,1000
987,2023-04-29,Female,30,Clothing,3,300,900
988,2023-05-28,Female,63,Clothing,3,25,75
989,2023-12-28,Female,44,Electronics,1,25,25
990,2023-05-25,Female,58,Beauty,2,500,1000
991,2023-12-26,Female,34,Clothing,2,50,100
992,2023-08-21,Female,57,Electronics,2,30,60
993,2023-02-06,Female,48,Electronics,3,50,150
994,2023-12-18,Female,51,Beauty,2,500,1000
995,2023-04-30,Female,41,Clothing,1,30,30
996,2023-05-16,Male,62,Clothing,1,50,50
997,2023-11-17,Male,52,Beauty,3,30,90
998,2023-10-29,Female,23,Beauty,4,25,100
999,2023-12-05,Female,36,Electronics,3,50,150
1000,2023-04-12,Male,47,Electronics,4,30,120
9279,2023-11-24,Male,34,Beauty,3,50,150
9280,2023-02-27,Female,26,Clothing,2,500,1000
9281,2023-01-13,Male,50,Electronics,1,30,30
9282,2023-05-21,Male,37,Clothing,1,500,500
9283,2023-05-06,Male,30,Beauty,2,50,100
9284,2023-04-25,Female,45,Beauty,1,30,30
9285,2023-03-13,Male,46,Clothing,2,25,50
9286,2023-02-22,Male,30,Electronics,4,25,100
9287,2023-12-13,Male,63,Electronics,2,300,600
9288,2023-10-07,Female,52,Clothing,4,50,200
9289,2023-02-14,Male,23,Clothing,2,50,100
9290,2023-10-30,Male,35,Beauty,3,25,75
9291,2023-08-05,Male,22,Electronics,3,500,1500
9292,2023-01-17,Male,64,Clothing,4,30,120
9293,2023-01-16,Female,42,Electronics,4,500,2000
9294,2023-02-17,Male,19,Clothing,3,500,1500
9295,2023-04-22,Female,27,Clothing,4,25,100
9296,2023-04-30,Female,47,Electronics,2,25,50
9297,2023-09-16,Female,62,Clothing,2,25,50
9298,2023-11-05,Male,22,Clothing,3,300,900
9299,2023-01-14,Female,50,Beauty,1,500,500
9300,2023-10-15,Male,18,Clothing,2,50,100
9301,2023-04-12,Female,35,Clothing,4,30,120
9302,2023-11-29,Female,49,Clothing,1,300,300
9303,2023-12-26,Female,64,Beauty,1,50,50
9304,2023-10-07,Female,28,Electronics,2,500,1000
9305,2023-08-03,Female,38,Beauty,2,25,50
9306,2023-04-23,Female,43,Beauty,1,500,500
9307,2023-08-18,Female,42,Electronics,1,30,30
9308,2023-10-29,Female,39,Beauty,3,300,900
9309,2023-05-23,Male,44,Electronics,4,300,1200
9310,2023-01-04,Male,30,Beauty,3,30,90
9311,2023-03-23,Female,50,Electronics,2,50,100
9312,2023-12-24,Female,51,Clothing,3,50,150
9313,2023-08-05,Female,58,Beauty,3,300,900
9314,2023-06-24,Male,52,Beauty,3,300,900
9315,2023-05-23,Female,18,Beauty,3,25,75
9316,2023-03-21,Male,38,Beauty,4,50,200
9317,2023-04-21,Male,23,Clothing,4,30,120
9318,2023-06-22,Male,45,Beauty,1,50,50
9319,2023-02-22,Male,34,Clothing,2,25,50
9320,2023-02-17,Male,22,Clothing,3,300,900
9321,2023-07-14,Female,48,Clothing,1,300,300
9322,2023-02-19,Female,22,Clothing,1,25,25
9323,2023-07-03,Female,55,Electronics,1,30,30
9324,2023-06-26,Female,20,Electronics,4,300,1200
9325,2023-11-06,Female,40,Beauty,3,500,1500
9326,2023-05-16,Male,54,Electronics,3,300,900
9327,2023-01-23,Female,54,Electronics,2,500,1000
9328,2023-08-24,Female,27,Beauty,3,25,75
9329,2023-10-02,Male,27,Beauty,3,25,75
9330,2023-03-05,Female,36,Beauty,1,300,300
9331,2023-07-13,Male,34,Electronics,2,50,100
9332,2023-02-10,Female,38,Electronics,3,500,1500
9333,2023-10-10,Male,31,Beauty,4,30,120
9334,2023-05-31,Female,26,Clothing,3,300,900
9335,2023-11-18,Female,63,Beauty,1,30,30
9336,2023-11-13,Male,18,Clothing,4,300,1200
9337,2023-07-05,Male,62,Clothing,1,50,50
9338,2023-10-23,Male,30,Beauty,3,50,150
9339,2023-04-09,Male,21,Beauty,4,50,200
9340,2023-12-27,Male,18,Beauty,2,50,100
9341,2023-02-05,Male,57,Electronics,2,25,50
9342,2023-01-24,Male,49,Clothing,4,25,100
9343,2023-12-05,Male,51,Electronics,4,500,2000
9344,2023-04-27,Female,45,Electronics,1,30,30
9345,2023-05-29,Female,48,Beauty,4,300,1200
9346,2023-02-10,Male,25,Electronics,1,300,300
9347,2023-04-30,Female,56,Beauty,3,25,75
9348,2023-02-21,Female,43,Clothing,1,300,300
9349,2023-07-14,Female,51,Beauty,4,25,100
9350,2023-05-23,Female,20,Electronics,4,500,2000
9351,2023-08-21,Male,29,Electronics,3,30,90
9352,2023-11-22,Female,18,Beauty,4,500,2000
9353,2023-07-06,Male,61,Beauty,4,50,200
9354,2023-03-25,Female,22,Electronics,2,50,100
9355,2023-07-09,Female,47,Clothing,2,50,100
9356,2023-07-01,Female,47,Clothing,3,500,1500
9357,2023-04-18,Male,34,Beauty,1,300,300
9358,2023-12-10,Female,64,Clothing,2,30,60
9359,2023-05-17,Male,40,Electronics,1,50,50
9360,2023-12-26,Female,32,Beauty,4,50,200
9361,2023-12-16,Male,54,Electronics,2,50,100
9362,2023-11-28,Female,38,Electronics,3,30,90
9363,2023-02-06,Male,31,Clothing,3,50,150
9364,2023-11-08,Male,19,Beauty,3,30,90
9365,2023-11-22,Female,28,Beauty,2,50,100
9366,2023-03-29,Male,56,Clothing,1,500,500
9367,2023-10-01,Female,55,Electronics,4,500,2000
9368,2023-05-06,Female,51,Electronics,1,30,30
9369,2023-03-25,Female,55,Electronics,1,500,500
9370,2023-08-25,Female,51,Electronics,4,30,120
9371,2023-07-14,Female,35,Beauty,4,500,2000
9372,2023-05-19,Female,47,Beauty,2,500,1000
9373,2023-11-24,Female,32,Clothing,2,30,60
9374,2023-12-19,Female,44,Clothing,2,300,600
9375,2023-10-13,Female,51,Beauty,2,500,1000
9376,2023-04-23,Female,55,Beauty,2,50,100
9377,2023-12-17,Female,50,Electronics,4,300,1200
9378,2023-06-16,Male,41,Electronics,1,30,30
9379,2023-01-29,Male,32,Clothing,2,300,600
9380,2023-04-28,Female,47,Beauty,2,25,50
9381,2023-01-17,Female,59,Clothing,1,25,25
9382,2023-06-11,Female,34,Beauty,2,500,1000
9383,2023-07-25,Female,22,Electronics,1,500,500
9384,2023-05-18,Female,46,Clothing,1,50,50
9385,2023-02-03,Female,21,Clothing,4,300,1200
9386,2023-04-19,Female,27,Beauty,3,25,75
9387,2023-10-18,Female,34,Electronics,4,500,2000
9388,2023-06-11,Male,27,Clothing,3,300,900
9389,2023-04-19,Female,34,Electronics,3,500,1500
9390,2023-12-02,Male,37,Clothing,3,500,1500
9391,2023-09-13,Female,41,Electronics,2,25,50
9392,2023-07-22,Female,22,Beauty,4,25,100
9393,2023-11-26,Male,51,Clothing,3,500,1500
9394,2023-08-23,Female,23,Clothing,1,30,30
9395,2023-03-15,Male,19,Electronics,2,500,1000
9396,2023-05-16,Female,30,Electronics,4,500,2000
9397,2023-03-13,Female,60,Clothing,3,50,150
9398,2023-05-07,Male,60,Beauty,1,50,50
9399,2023-10-15,Female,28,Electronics,4,50,200
9400,2023-10-03,Male,64,Electronics,4,30,120
9401,2023-05-15,Female,40,Electronics,2,30,60
9402,2023-10-27,Male,33,Clothing,4,500,2000
9403,2023-08-08,Male,48,Clothing,2,50,100
9404,2023-10-26,Female,28,Clothing,3,30,90
9405,2023-07-24,Female,33,Clothing,2,25,50
9406,2023-07-05,Male,25,Beauty,1,500,500
9407,2023-04-23,Female,21,Beauty,2,300,600
9408,2023-03-12,Female,57,Clothing,1,500,500
9409,2023-09-18,Female,21,Beauty,2,300,600
9410,2023-09-10,Male,42,Electronics,4,50,200
9411,2023-02-16,Male,20,Electronics,3,300,900
9412,2023-01-25,Male,49,Electronics,1,50,50
9413,2023-02-26,Male,20,Clothing,2,25,50
9414,2023-03-20,Male,44,Electronics,2,300,600
9415,2023-11-18,Male,46,Beauty,2,500,1000
9416,2023-03-23,Male,49,Clothing,4,50,200
9417,2023-12-15,Male,36,Beauty,4,500,2000
9418,2023-08-05,Male,38,Electronics,1,30,30
9419,2023-11-02,Female,22,Electronics,1,50,50
9420,2023-02-02,Male,35,Electronics,4,300,1200
9421,2023-07-17,Female,45,Clothing,1,50,50
9422,2023-07-15,Female,59,Beauty,3,500,1500
9423,2023-11-02,Female,39,Clothing,3,25,75
9424,2023-08-28,Male,38,Clothing,4,50,200
9425,2023-09-28,Male,23,Electronics,1,300,300
9426,2023-05-09,Male,18,Clothing,2,30,60
9427,2023-10-11,Male,22,Clothing,3,25,75
9428,2023-01-06,Female,58,Electronics,4,30,120
9429,2023-12-15,Male,29,Clothing,1,50,50
9430,2023-02-28,Male,43,Electronics,4,500,2000
9431,2023-12-16,Male,63,Electronics,2,500,1000
9432,2023-10-02,Male,51,Electronics,3,300,900
9433,2023-05-17,Male,31,Electronics,4,500,2000
9434,2023-11-25,Female,43,Clothing,4,25,100
9435,2023-06-24,Male,62,Electronics,4,500,2000
9436,2023-02-27,Female,44,Electronics,2,300,600
9437,2023-05-31,Male,26,Clothing,4,50,200
9438,2023-08-11,Female,43,Clothing,2,50,100
9439,2023-03-22,Male,64,Beauty,2,500,1000
9440,2023-08-21,Male,39,Clothing,2,30,60
9441,2023-01-02,Female,64,Clothing,3,50,150
9442,2023-05-15,Female,47,Beauty,3,500,1500
9443,2023-09-14,Female,60,Clothing,4,300,1200
9444,2023-04-02,Male,34,Clothing,4,500,2000
9445,2023-09-17,Female,43,Clothing,3,50,150
9446,2023-02-24,Male,53,Clothing,1,300,300
9447,2023-11-17,Male,18,Beauty,3,500,1500
9448,2023-06-02,Female,25,Clothing,2,25,50
9449,2023-11-24,Female,52,Clothing,3,300,900
9450,2023-09-17,Male,32,Beauty,2,25,50
9451,2023-11-08,Male,64,Electronics,4,30,120
9452,2023-04-12,Female,39,Beauty,1,300,300
9453,2023-03-20,Female,31,Electronics,4,25,100
9454,2023-07-11,Female,43,Beauty,2,50,100
9455,2023-03-24,Male,45,Beauty,2,50,100
9456,2023-10-04,Male,40,Clothing,2,30,60
9457,2023-09-29,Male,31,Electronics,1,300,300
9458,2023-01-01,Male,41,Clothing,3,300,900
9459,2023-11-03,Male,19,Electronics,4,300,1200
9460,2023-06-15,Male,62,Beauty,4,30,120
9461,2023-09-08,Female,43,Beauty,3,300,900
9462,2023-01-10,Male,31,Electronics,4,50,200
9463,2023-02-27,Male,24,Clothing,1,25,25
9464,2023-07-05,Male,20,Clothing,4,50,200
9465,2023-06-07,Female,64,Clothing,2,50,100
9466,2023-05-03,Male,40,Clothing,3,25,75
9467,2023-01-30,Male,63,Beauty,1,50,50
9468,2023-05-04,Female,60,Beauty,3,30,90
9469,2023-10-18,Male,64,Beauty,1,25,25
9470,2023-02-10,Male,62,Beauty,2,50,100
9471,2023-02-13,Male,35,Beauty,3,500,1500
9472,2023-09-06,Male,55,Clothing,4,50,200
9473,2023-02-05,Male,52,Clothing,1,30,30
9474,2023-09-30,Female,32,Clothing,3,300,900
9475,2023-03-06,Female,42,Clothing,4,50,200
9476,2023-03-07,Female,54,Beauty,3,300,900
9477,2023-12-04,Male,45,Beauty,3,500,1500
9478,2023-09-01,Male,27,Beauty,3,50,150
9479,2023-10-09,Male,56,Electronics,1,25,25
9480,2023-03-26,Female,34,Clothing,4,300,1200
9481,2023-05-16,Male,56,Clothing,2,500,1000
9482,2023-09-28,Male,39,Beauty,1,25,25
9483,2023-11-07,Female,43,Clothing,1,25,25
9484,2023-08-05,Male,61,Clothing,1,25,25
9485,2023-04-19,Female,42,Beauty,2,25,50
9486,2023-10-04,Female,34,Electronics,4,50,200
9487,2023-12-20,Female,30,Electronics,4,50,200
9488,2023-04-13,Male,37,Electronics,4,50,200
9489,2024-01-01,Male,42,Beauty,3,500,1500
9490,2023-06-09,Male,21,Clothing,3,500,1500
9491,2023-07-24,Male,27,Beauty,3,500,1500
9492,2023-12-10,Male,20,Beauty,2,30,60
9493,2023-11-29,Male,58,Clothing,3,500,1500
9494,2023-07-11,Male,62,Electronics,2,50,100
9495,2023-08-13,Female,35,Electronics,4,50,200
9496,2023-09-22,Male,64,Beauty,3,30,90
9497,2023-08-20,Female,53,Electronics,3,30,90
9498,2023-03-03,Male,64,Beauty,1,500,500
9499,2023-05-07,Male,39,Beauty,2,300,600
9500,2023-04-26,Male,51,Clothing,4,30,120
9501,2023-02-02,Female,64,Clothing,1,25,25
9502,2023-06-23,Female,25,Clothing,1,50,50
9503,2023-01-11,Female,57,Beauty,4,25,100
9504,2023-10-29,Female,61,Clothing,1,50,50
9505,2023-10-11,Male,36,Electronics,2,50,100
9506,2023-04-28,Female,59,Electronics,2,30,60
9507,2023-10-29,Male,58,Beauty,3,30,90
9508,2023-04-23,Male,54,Beauty,1,25,25
9509,2023-01-04,Female,23,Clothing,3,50,150
9510,2023-02-06,Female,43,Beauty,1,25,25
9511,2023-12-29,Female,51,Beauty,2,300,600
9512,2023-11-20,Female,62,Electronics,2,25,50
9513,2023-01-31,Female,23,Electronics,2,500,1000
9514,2023-04-28,Female,54,Clothing,1,25,25
9515,2023-02-04,Female,50,Beauty,2,500,1000
9516,2023-01-17,Female,39,Beauty,1,500,500
9517,2023-06-19,Male,38,Electronics,3,500,1500
9518,2023-02-06,Female,23,Beauty,1,300,300
9519,2023-09-21,Female,23,Electronics,3,25,75
9520,2023-05-02,Male,21,Clothing,1,25,25
9521,2023-05-23,Female,47,Electronics,3,300,900
9522,2023-12-09,Male,28,Beauty,2,50,100
9523,2023-09-06,Male,47,Clothing,3,30,90
9524,2023-04-20,Female,48,Electronics,2,25,50
9525,2023-10-04,Male,41,Electronics,2,30,60
9526,2023-03-09,Male,26,Clothing,3,300,900
9527,2023-10-20,Male,20,Clothing,1,50,50
9528,2023-10-23,Male,48,Electronics,1,50,50
9529,2023-08-31,Female,57,Beauty,4,50,200
9530,2023-05-05,Male,54,Electronics,1,300,300
9531,2023-08-31,Female,53,Clothing,4,500,2000
9532,2023-07-28,Male,41,Electronics,1,500,500
9533,2023-04-08,Male,48,Clothing,1,30,30
9534,2023-02-18,Male,23,Clothing,2,500,1000
9535,2023-02-19,Male,19,Beauty,4,500,2000
9536,2023-12-04,Female,37,Clothing,1,50,50
9537,2023-08-09,Female,45,Clothing,4,50,200
9538,2023-07-01,Male,28,Beauty,2,30,60
9539,2023-08-05,Male,21,Clothing,2,25,50
9540,2023-07-30,Female,32,Beauty,4,30,120
9541,2023-08-28,Male,23,Beauty,2,30,60
9542,2023-01-28,Male,47,Clothing,3,300,900
9543,2023-12-11,Male,55,Clothing,3,300,900
9544,2023-12-01,Female,19,Electronics,2,30,60
9545,2023-11-27,Female,32,Beauty,3,30,90
9546,2023-02-20,Female,28,Electronics,1,30,30
9547,2023-02-01,Male,25,Clothing,4,500,2000
9548,2023-07-26,Male,43,Electronics,1,300,300
9549,2023-06-23,Female,62,Beauty,4,30,120
9550,2023-02-25,Female,61,Electronics,2,50,100
9551,2023-05-08,Female,22,Beauty,1,50,50
9552,2023-04-09,Female,23,Clothing,2,500,1000
9553,2023-04-08,Male,43,Clothing,2,500,1000
9554,2023-10-02,Female,21,Beauty,4,25,100
9555,2023-08-18,Male,36,Clothing,4,25,100
9556,2023-03-13,Female,37,Clothing,4,25,100
9557,2023-08-05,Male,50,Clothing,1,500,500
9558,2023-04-04,Female,37,Clothing,3,500,1500
9559,2023-05-23,Female,29,Beauty,4,500,2000
9560,2023-08-25,Female,64,Electronics,4,50,200
9561,2023-05-08,Female,18,Electronics,1,500,500
9562,2023-02-08,Male,43,Clothing,4,50,200
9563,2023-08-15,Female,31,Electronics,1,25,25
9564,2023-10-09,Male,55,Electronics,2,25,50
9565,2023-02-20,Male,54,Clothing,4,25,100
9566,2023-01-26,Male,28,Clothing,4,30,120
9567,2023-11-30,Male,53,Electronics,2,30,60
9568,2023-10-04,Female,30,Beauty,2,300,600
9569,2023-01-08,Male,60,Clothing,2,300,600
9570,2023-02-17,Male,20,Beauty,4,300,1200
9571,2023-05-02,Male,50,Electronics,3,30,90
9572,2023-03-27,Female,23,Clothing,3,30,90
9573,2023-07-28,Female,27,Beauty,3,300,900
9574,2023-09-06,Female,22,Clothing,4,300,1200
9575,2023-09-04,Female,40,Electronics,2,500,1000
9576,2023-04-20,Male,27,Beauty,4,300,1200
9577,2023-07-25,Male,61,Electronics,2,500,1000
9578,2023-01-31,Female,19,Electronics,4,50,200
9579,2023-03-26,Male,30,Clothing,4,30,120
9580,2023-07-14,Male,57,Beauty,2,300,600
9581,2023-01-02,Male,19,Electronics,3,30,90
9582,2023-07-19,Female,37,Electronics,2,30,60
9583,2023-05-16,Female,18,Beauty,1,30,30
9584,2023-08-21,Male,54,Electronics,1,50,50
9585,2023-05-27,Female,26,Electronics,2,25,50
9586,2023-08-05,Female,34,Beauty,4,300,1200
9587,2023-12-23,Female,26,Beauty,1,25,25
9588,2023-10-12,Female,28,Beauty,1,25,25
9589,2023-12-05,Female,32,Beauty,4,25,100
9590,2023-09-07,Male,41,Clothing,4,30,120
9591,2023-03-21,Female,55,Beauty,3,500,1500
9592,2023-04-08,Male,52,Clothing,4,30,120
9593,2023-06-01,Male,47,Clothing,2,30,60
9594,2023-04-22,Female,48,Clothing,2,25,50
9595,2023-01-30,Male,22,Electronics,3,30,90
9596,2023-10-24,Male,61,Clothing,1,25,25
9597,2023-10-05,Male,31,Clothing,1,500,500
9598,2023-02-01,Female,28,Electronics,4,300,1200
9599,2023-06-10,Female,26,Electronics,2,25,50
9600,2023-01-30,Male,51,Electronics,1,500,500
9601,2023-01-26,Female,29,Beauty,3,300,900
9602,2023-10-27,Female,52,Electronics,3,50,150
9603,2023-09-02,Female,52,Electronics,2,25,50
9604,2023-09-15,Female,18,Clothing,3,25,75
9605,2023-09-29,Male,57,Electronics,3,50,150
9606,2023-03-22,Male,39,Beauty,2,50,100
9607,2023-01-30,Female,46,Electronics,4,25,100
9608,2023-09-18,Female,25,Beauty,4,50,200
9609,2023-02-11,Male,28,Electronics,3,30,90
9610,2023-04-06,Male,58,Electronics,4,300,1200
9611,2023-02-05,Female,54,Electronics,4,300,1200
9612,2023-11-01,Male,31,Electronics,3,300,900
9613,2023-02-04,Female,47,Beauty,4,30,120
9614,2023-12-12,Female,52,Beauty,3,50,150
9615,2023-05-01,Male,38,Clothing,1,500,500
9616,2023-07-26,Male,54,Beauty,2,50,100
9617,2023-03-03,Female,22,Electronics,2,25,50
9618,2023-10-19,Female,36,Clothing,4,300,1200
9619,2023-05-07,Male,31,Clothing,4,50,200
9620,2023-10-24,Female,43,Clothing,4,500,2000
9621,2023-11-01,Male,21,Electronics,2,25,50
9622,2023-01-21,Female,42,Beauty,1,30,30
9623,2023-11-14,Male,62,Electronics,1,30,30
9624,2023-02-11,Male,59,Clothing,2,500,1000
9625,2023-08-03,Male,42,Electronics,1,25,25
9626,2023-12-03,Female,35,Electronics,2,300,600
9627,2023-10-26,Female,57,Beauty,1,50,50
9628,2023-10-17,Male,25,Beauty,3,25,75
9629,2023-09-25,Female,56,Clothing,3,30,90
9630,2023-06-11,Male,57,Electronics,2,500,1000
9631,2023-05-14,Male,31,Electronics,1,500,500
9632,2023-04-15,Female,49,Beauty,4,50,200
9633,2023-12-09,Female,55,Electronics,1,500,500
9634,2023-06-10,Male,50,Electronics,3,500,1500
9635,2023-05-03,Female,40,Electronics,3,25,75
9636,2023-05-16,Female,32,Beauty,1,300,300
9637,2023-07-22,Male,50,Clothing,1,50,50
9638,2023-03-09,Male,42,Clothing,4,25,100
9639,2023-12-10,Female,34,Electronics,4,300,1200
9640,2023-11-27,Male,50,Clothing,1,25,25
9641,2023-06-03,Male,64,Beauty,1,25,25
9642,2023-08-23,Female,19,Beauty,1,500,500
9643,2023-06-11,Male,31,Clothing,1,300,300
9644,2023-02-07,Male,57,Clothing,2,50,100
9645,2023-01-05,Female,57,Electronics,1,50,50
9646,2023-08-23,Female,56,Clothing,4,300,1200
9647,2023-11-15,Male,23,Electronics,3,500,1500
9648,2023-10-16,Male,23,Electronics,2,30,60
9649,2023-02-21,Female,20,Beauty,1,25,25
9650,2023-02-07,Female,24,Beauty,3,500,1500
9651,2023-10-03,Female,25,Beauty,2,300,600
9652,2023-04-20,Female,59,Beauty,3,25,75
9653,2023-09-17,Male,32,Clothing,1,50,50
9654,2023-05-16,Female,64,Beauty,1,30,30
9655,2023-03-09,Female,46,Clothing,4,50,200
9656,2023-06-28,Male,50,Beauty,1,300,300
9657,2023-02-05,Female,47,Clothing,1,25,25
9658,2023-05-06,Male,56,Electronics,2,300,600
9659,2023-07-09,Female,44,Clothing,4,25,100
9660,2023-05-26,Female,53,Clothing,2,500,1000
9661,2023-03-22,Female,46,Beauty,3,30,90
9662,2023-08-13,Male,55,Clothing,1,500,500
9663,2023-10-06,Male,50,Electronics,3,500,1500
9664,2023-12-27,Female,54,Electronics,2,300,600
9665,2023-06-04,Male,44,Beauty,1,30,30
9666,2023-11-10,Male,50,Electronics,1,25,25
9667,2023-12-01,Male,21,Clothing,2,25,50
9668,2023-09-28,Male,39,Electronics,2,50,100
9669,2023-01-05,Male,19,Beauty,2,25,50
9670,2023-12-08,Male,27,Clothing,2,300,600
9671,2023-10-11,Female,22,Beauty,2,500,1000
9672,2023-06-03,Female,27,Clothing,1,500,500
9673,2023-12-06,Male,50,Electronics,2,500,1000
9674,2023-02-23,Female,55,Beauty,1,30,30
9675,2023-03-10,Female,30,Beauty,1,25,25
9676,2023-05-16,Female,48,Clothing,2,300,600
9677,2023-03-01,Female,64,Beauty,2,30,60
9678,2023-02-24,Male,53,Clothing,4,50,200
9679,2023-10-11,Female,62,Clothing,1,300,300
9680,2023-03-21,Female,41,Clothing,2,300,600
9681,2023-05-20,Male,32,Clothing,2,300,600
9682,2023-05-25,Male,46,Electronics,2,500,1000
9683,2023-11-06,Female,25,Clothing,4,300,1200
9684,2023-04-18,Female,22,Beauty,4,25,100
9685,2023-06-25,Female,46,Electronics,3,300,900
9686,2023-04-15,Female,64,Beauty,1,500,500
9687,2023-12-18,Female,21,Electronics,3,300,900
9688,2023-11-21,Female,29,Clothing,2,50,100
9689,2023-05-16,Male,62,Electronics,4,50,200
9690,2023-09-16,Female,19,Electronics,4,500,2000
9691,2023-09-08,Female,44,Beauty,3,25,75
9692,2023-05-09,Male,48,Beauty,4,25,100
9693,2023-01-27,Male,53,Clothing,2,30,60
9694,2023-02-17,Male,53,Electronics,4,500,2000
9695,2023-11-21,Male,43,Electronics,3,300,900
9696,2023-08-05,Female,60,Electronics,2,500,1000
9697,2023-05-22,Female,44,Clothing,3,30,90
9698,2023-01-23,Female,22,Clothing,4,500,2000
9699,2023-01-02,Female,37,Clothing,3,500,1500
9700,2023-06-20,Female,28,Clothing,3,30,90
9701,2023-03-08,Female,27,Clothing,1,25,25
9702,2023-11-23,Male,57,Beauty,4,300,1200
9703,2023-05-15,Female,55,Electronics,4,30,120
9704,2023-03-24,Male,23,Electronics,3,50,150
9705,2023-08-15,Male,25,Electronics,1,25,25
9706,2023-10-10,Female,40,Electronics,4,50,200
9707,2023-12-28,Male,64,Electronics,2,25,50
9708,2023-08-07,Female,43,Electronics,3,300,900
9709,2023-10-15,Male,63,Electronics,4,300,1200
9710,2023-01-05,Female,60,Electronics,2,500,1000
9711,2023-02-27,Male,29,Beauty,4,50,200
9712,2023-02-08,Female,43,Electronics,2,25,50
9713,2023-12-20,Female,30,Beauty,3,300,900
9714,2023-03-18,Female,57,Clothing,4,30,120
9715,2023-10-07,Female,35,Electronics,4,300,1200
9716,2023-01-19,Female,42,Clothing,1,30,30
9717,2023-07-09,Male,50,Clothing,3,25,75
9718,2023-10-26,Male,64,Clothing,2,300,600
9719,2023-10-10,Male,57,Beauty,4,300,1200
9720,2023-03-17,Female,60,Clothing,4,25,100
9721,2023-08-09,Male,29,Clothing,2,300,600
9722,2023-03-07,Female,61,Clothing,3,30,90
9723,2023-01-22,Female,53,Electronics,1,300,300
9724,2023-06-07,Male,21,Electronics,1,50,50
9725,2023-07-06,Male,22,Beauty,4,500,2000
9726,2023-01-21,Female,54,Beauty,2,30,60
9727,2023-07-03,Male,25,Electronics,4,50,200
9728,2023-04-18,Female,59,Beauty,2,25,50
9729,2023-12-16,Female,45,Electronics,1,30,30
9730,2023-05-08,Female,48,Clothing,3,500,1500
9731,2023-12-08,Female,26,Clothing,2,500,1000
9732,2023-02-22,Female,46,Beauty,1,25,25
9733,2023-07-01,Male,31,Electronics,4,25,100
9734,2023-10-14,Male,57,Electronics,2,30,60
9735,2023-07-28,Female,58,Beauty,3,300,900
9736,2023-11-14,Female,39,Electronics,4,25,100
9737,2023-03-21,Male,28,Clothing,4,300,1200
9738,2023-05-02,Male,40,Beauty,1,50,50
9739,2023-03-25,Female,18,Beauty,2,500,1000
9740,2023-04-01,Male,63,Electronics,4,300,1200
9741,2023-07-31,Female,54,Beauty,3,500,1500
9742,2023-01-13,Male,38,Electronics,2,300,600
9743,2023-04-02,Female,43,Electronics,3,50,150
9744,2023-06-20,Male,63,Electronics,4,25,100
9745,2023-07-30,Female,53,Electronics,3,50,150
9746,2023-12-09,Male,40,Electronics,1,25,25
9747,2023-05-08,Male,18,Beauty,3,25,75
9748,2023-05-17,Female,57,Clothing,2,500,1000
9749,2023-03-23,Male,32,Clothing,3,50,150
9750,2023-12-26,Female,38,Beauty,3,300,900
9751,2023-02-25,Male,64,Beauty,1,50,50
9752,2023-07-15,Female,26,Clothing,3,500,1500
9753,2023-01-20,Male,26,Clothing,3,25,75
9754,2023-08-29,Female,27,Clothing,4,500,2000
9755,2023-04-24,Male,43,Clothing,4,30,120
9756,2023-04-13,Female,58,Clothing,2,30,60
9757,2023-08-24,Male,52,Electronics,4,300,1200
9758,2023-06-29,Female,42,Beauty,4,500,2000
9759,2023-06-06,Female,43,Electronics,4,300,1200
9760,2023-04-27,Female,28,Clothing,4,300,1200
9761,2023-04-25,Male,55,Clothing,1,30,30
9762,2023-01-13,Female,19,Clothing,4,300,1200
9763,2023-12-04,Male,24,Electronics,1,30,30
9764,2023-04-09,Female,35,Electronics,1,25,25
9765,2023-07-24,Male,44,Clothing,4,500,2000
9766,2023-06-18,Female,51,Electronics,3,300,900
9767,2023-05-23,Male,44,Electronics,1,30,30
9768,2023-02-05,Male,34,Clothing,3,50,150
9769,2023-05-23,Female,60,Electronics,3,300,900
9770,2023-06-29,Male,61,Beauty,4,25,100
9771,2023-11-25,Male,41,Beauty,2,25,50
9772,2023-09-18,Female,42,Beauty,4,50,200
9773,2023-07-24,Male,24,Beauty,2,30,60
9774,2023-12-14,Male,23,Clothing,2,300,600
9775,2023-10-02,Male,41,Clothing,4,30,120
9776,2023-06-19,Female,50,Clothing,4,25,100
9777,2023-01-15,Male,46,Beauty,2,30,60
9778,2023-03-01,Female,60,Beauty,4,25,100
9779,2023-05-14,Male,39,Electronics,2,30,60
9780,2023-04-02,Male,43,Electronics,3,50,150
9781,2023-10-25,Male,45,Beauty,4,500,2000
9782,2023-05-16,Female,38,Beauty,3,50,150
9783,2023-01-20,Male,24,Beauty,1,50,50
9784,2023-02-25,Male,34,Beauty,3,500,1500
9785,2023-11-02,Female,37,Electronics,3,500,1500
9786,2023-08-11,Male,58,Beauty,2,300,600
9787,2023-06-26,Female,37,Electronics,3,300,900
9788,2023-06-10,Female,39,Beauty,4,50,200
9789,2023-08-12,Male,45,Beauty,2,50,100
9790,2023-11-07,Female,57,Beauty,1,25,25
9791,2023-09-19,Male,24,Electronics,4,25,100
9792,2023-03-01,Female,18,Electronics,1,300,300
9793,2023-07-17,Female,49,Clothing,3,300,900
9794,2023-10-23,Male,30,Beauty,4,25,100
9795,2023-04-08,Female,47,Clothing,4,25,100
9796,2023-05-11,Female,40,Clothing,1,30,30
9797,2023-01-23,Female,36,Electronics,4,30,120
9798,2023-12-29,Female,49,Electronics,4,25,100
9799,2023-08-12,Female,47,Clothing,4,30,120
9800,2023-01-01,Male,46,Beauty,3,500,1500
9801,2023-09-24,Female,62,Electronics,1,300,300
9802,2023-10-03,Male,46,Beauty,4,300,1200
9803,2023-12-18,Female,47,Beauty,2,25,50
9804,2023-12-10,Male,33,Clothing,2,50,100
9805,2023-04-11,Male,57,Clothing,2,25,50
9806,2023-07-06,Female,36,Clothing,2,30,60
9807,2023-08-09,Female,35,Clothing,3,50,150
9808,2023-02-05,Female,18,Electronics,4,30,120
9809,2023-12-07,Male,31,Electronics,1,500,500
9810,2023-06-19,Female,64,Clothing,4,30,120
9811,2023-11-16,Male,19,Electronics,3,500,1500
9812,2023-06-10,Male,45,Clothing,2,500,1000
9813,2023-12-06,Male,47,Beauty,3,30,90
9814,2023-03-05,Female,55,Beauty,4,30,120
9815,2023-06-03,Female,21,Beauty,1,500,500
9816,2023-09-17,Male,18,Clothing,3,50,150
9817,2023-06-08,Male,25,Beauty,1,500,500
9818,2023-12-08,Female,46,Electronics,3,300,900
9819,2023-07-29,Male,56,Beauty,1,500,500
9820,2023-06-17,Female,20,Beauty,1,50,50
9821,2023-07-26,Male,49,Beauty,2,300,600
9822,2023-12-23,Female,27,Electronics,1,25,25
9823,2023-06-01,Male,27,Clothing,2,25,50
9824,2023-10-11,Female,36,Electronics,4,50,200
9825,2023-03-07,Male,63,Clothing,4,500,2000
9826,2023-04-09,Female,51,Clothing,2,30,60
9827,2023-08-04,Female,50,Beauty,2,50,100
9828,2023-12-07,Male,40,Clothing,3,300,900
9829,2023-07-14,Male,45,Electronics,3,300,900
9830,2023-12-13,Female,49,Electronics,3,25,75
9831,2023-03-31,Male,24,Clothing,4,300,1200
9832,2023-11-12,Female,46,Beauty,3,50,150
9833,2023-10-19,Male,25,Beauty,1,300,300
9834,2023-06-04,Female,18,Electronics,1,50,50
9835,2023-07-27,Female,20,Beauty,3,30,90
9836,2023-10-08,Female,41,Clothing,1,25,25
9837,2023-01-01,Female,40,Clothing,4,300,1200
9838,2023-06-05,Female,25,Electronics,1,50,50
9839,2023-05-27,Female,64,Clothing,4,500,2000
9840,2023-04-18,Male,54,Electronics,2,25,50
9841,2023-08-09,Male,20,Clothing,2,30,60
9842,2023-10-24,Male,50,Electronics,2,50,100
9843,2023-11-07,Female,45,Beauty,2,30,60
9844,2023-12-02,Female,64,Clothing,1,30,30
9845,2023-06-14,Female,25,Clothing,3,300,900
9846,2023-08-27,Female,51,Electronics,1,300,300
9847,2023-08-15,Male,52,Electronics,4,50,200
9848,2023-08-15,Male,49,Clothing,1,500,500
9849,2023-12-12,Female,41,Electronics,1,50,50
9850,2023-04-20,Male,31,Clothing,4,500,2000
9851,2023-09-19,Male,49,Beauty,2,30,60
9852,2023-08-31,Female,63,Electronics,2,25,50
9853,2023-03-28,Male,60,Clothing,2,50,100
9854,2023-12-04,Female,33,Beauty,3,50,150
9855,2023-02-13,Male,21,Beauty,4,500,2000
9856,2023-05-26,Female,54,Clothing,4,30,120
9857,2023-09-21,Female,38,Electronics,1,30,30
9858,2023-12-06,Female,31,Clothing,3,500,1500
9859,2023-11-21,Female,48,Beauty,2,30,60
9860,2023-11-14,Male,35,Clothing,3,300,900
9861,2023-06-21,Female,24,Electronics,4,25,100
9862,2023-02-17,Female,27,Beauty,4,50,200
9863,2023-05-01,Female,24,Clothing,1,25,25
9864,2023-12-11,Male,50,Electronics,1,50,50
9865,2023-06-08,Female,40,Beauty,4,300,1200
9866,2023-04-26,Male,38,Electronics,2,30,60
9867,2023-04-12,Female,36,Beauty,2,500,1000
9868,2023-03-17,Male,36,Clothing,3,300,900
9869,2023-01-13,Male,53,Electronics,4,25,100
9870,2023-01-24,Female,46,Beauty,4,500,2000
9871,2023-05-06,Male,35,Electronics,2,30,60
9872,2023-09-01,Female,19,Electronics,2,300,600
9873,2023-11-09,Female,18,Clothing,4,500,2000
9874,2023-02-07,Female,64,Electronics,1,300,300
9875,2023-08-22,Male,22,Beauty,4,300,1200
9876,2023-08-01,Male,37,Beauty,4,30,120
9877,2023-11-19,Female,28,Beauty,2,50,100
9878,2023-10-22,Female,59,Beauty,2,500,1000
9879,2023-04-10,Male,19,Clothing,1,30,30
9880,2023-12-23,Female,20,Electronics,1,300,300
9881,2023-07-16,Female,40,Clothing,3,30,90
9882,2023-09-11,Female,29,Electronics,4,50,200
9883,2023-07-24,Male,37,Electronics,2,500,1000
9884,2023-05-05,Male,22,Electronics,1,50,50
9885,2023-03-17,Male,54,Clothing,3,25,75
9886,2023-12-02,Female,55,Electronics,3,500,1500
9887,2023-12-19,Female,47,Clothing,2,50,100
9888,2023-01-03,Female,26,Beauty,2,300,600
9889,2023-02-24,Male,51,Beauty,3,500,1500
9890,2023-08-06,Female,61,Electronics,1,500,500
9891,2023-04-23,Female,52,Clothing,3,30,90
9892,2023-04-01,Female,39,Beauty,4,300,1200
9893,2023-12-23,Female,61,Clothing,4,25,100
9894,2023-09-23,Male,41,Clothing,2,50,100
9895,2023-08-26,Male,34,Electronics,1,30,30
9896,2023-01-26,Female,27,Beauty,1,50,50
9897,2023-10-13,Male,47,Electronics,4,25,100
9898,2023-05-08,Male,63,Electronics,3,25,75
9899,2023-03-04,Female,40,Beauty,2,500,1000
9900,2023-08-22,Female,49,Beauty,3,25,75
9901,2023-03-10,Male,34,Clothing,3,50,150
9902,2023-08-26,Female,34,Beauty,3,300,900
9903,2023-12-08,Male,31,Clothing,1,300,300
9904,2023-09-29,Female,26,Clothing,4,500,2000
9905,2023-10-14,Male,57,Clothing,1,50,50
9906,2023-11-01,Female,19,Beauty,4,50,200
9907,2023-06-12,Male,62,Electronics,2,25,50
9908,2023-08-15,Male,42,Clothing,2,50,100
9909,2023-11-10,Male,56,Electronics,3,30,90
9910,2023-09-16,Female,26,Electronics,4,25,100
9911,2023-08-07,Male,39,Beauty,4,30,120
9912,2023-10-08,Male,60,Electronics,4,500,2000
9913,2023-08-17,Female,63,Electronics,3,300,900
9914,2023-03-23,Female,21,Beauty,3,500,1500
9915,2023-09-01,Male,43,Clothing,2,300,600
9916,2023-08-19,Male,46,Electronics,1,500,500
9917,2023-05-13,Female,62,Beauty,4,50,200
9918,2023-05-07,Female,51,Electronics,4,30,120
9919,2023-11-23,Female,40,Electronics,1,300,300
9920,2023-05-22,Female,54,Clothing,4,25,100
9921,2023-09-24,Female,28,Electronics,3,30,90
9922,2023-09-06,Male,23,Beauty,3,25,75
9923,2023-11-17,Female,35,Electronics,4,30,120
9924,2023-05-03,Male,38,Clothing,3,30,90
9925,2023-05-21,Male,59,Clothing,3,500,1500
9926,2023-08-14,Male,53,Beauty,4,300,1200
9927,2023-02-09,Female,58,Clothing,2,300,600
9928,2024-01-01,Male,55,Electronics,1,30,30
9929,2023-05-27,Male,51,Clothing,3,50,150
9930,2023-05-01,Female,34,Beauty,2,50,100
9931,2023-05-20,Male,54,Clothing,3,25,75
9932,2023-06-21,Male,42,Clothing,3,25,75
9933,2023-06-13,Female,55,Clothing,1,500,500
9934,2023-10-04,Male,29,Beauty,3,30,90
9935,2023-02-11,Male,40,Clothing,1,25,25
9936,2023-03-12,Male,59,Clothing,1,25,25
9937,2023-03-19,Female,39,Electronics,1,30,30
9938,2023-04-29,Female,38,Beauty,2,500,1000
9939,2023-07-16,Female,44,Clothing,4,25,100
9940,2023-12-22,Male,48,Beauty,2,500,1000
9941,2023-03-20,Male,23,Clothing,4,300,1200
9942,2023-12-28,Female,44,Clothing,4,500,2000
9943,2023-04-20,Male,57,Clothing,1,50,50
9944,2023-02-02,Male,51,Electronics,3,50,150
9945,2023-08-01,Female,29,Electronics,1,500,500
9946,2023-07-28,Female,62,Electronics,3,50,150
9947,2023-06-19,Male,24,Beauty,4,300,1200
9948,2023-10-05,Male,27,Beauty,1,30,30
9949,2023-08-27,Male,62,Electronics,3,50,150
9950,2023-08-01,Female,34,Beauty,2,50,100
9951,2023-02-01,Female,43,Clothing,3,500,1500
9952,2023-04-16,Female,38,Clothing,1,300,300
9953,2023-08-04,Female,45,Clothing,2,30,60
9954,2023-07-19,Male,63,Electronics,3,500,1500
9955,2023-10-27,Female,19,Beauty,3,500,1500
9956,2023-12-23,Female,60,Electronics,3,300,900
9957,2023-01-11,Female,18,Beauty,3,30,90
9958,2023-10-22,Female,53,Clothing,3,300,900
9959,2023-07-14,Female,43,Electronics,2,30,60
9960,2023-09-02,Male,46,Beauty,4,300,1200
9961,2023-01-04,Male,38,Beauty,2,500,1000
9962,2023-06-30,Female,28,Clothing,2,500,1000
9963,2023-06-02,Male,57,Electronics,2,25,50
9964,2023-07-19,Female,28,Electronics,4,50,200
9965,2023-08-03,Female,53,Electronics,1,300,300
9966,2023-10-03,Male,56,Clothing,4,25,100
9967,2023-10-07,Male,57,Electronics,2,50,100
9968,2023-11-05,Female,52,Clothing,3,300,900
9969,2023-04-23,Female,51,Clothing,3,30,90
9970,2023-09-07,Female,64,Clothing,2,50,100
9971,2023-04-23,Male,41,Beauty,3,500,1500
9972,2023-05-20,Female,39,Electronics,2,25,50
9973,2023-08-12,Female,22,Electronics,3,50,150
9974,2023-09-06,Female,50,Clothing,4,50,200
9975,2023-01-15,Male,53,Clothing,1,500,500
9976,2023-07-19,Female,64,Electronics,1,300,300
9977,2023-06-22,Female,37,Clothing,4,30,120
9978,2023-12-09,Male,36,Electronics,4,500,2000
9979,2023-12-14,Female,52,Beauty,2,30,60
9980,2023-07-27,Female,60,Clothing,2,300,600
9981,2023-03-26,Male,34,Electronics,2,50,100
9982,2023-08-28,Female,62,Clothing,3,30,90
9983,2023-03-07,Male,60,Electronics,2,25,50
9984,2023-11-15,Male,51,Electronics,4,25,100
9985,2023-10-01,Female,26,Clothing,1,500,500
9986,2023-01-14,Female,43,Beauty,3,300,900
9987,2023-07-21,Female,19,Electronics,2,500,1000
9988,2023-10-31,Female,26,Electronics,3,500,1500
9989,2023-10-16,Male,26,Electronics,3,500,1500
9990,2023-12-06,Female,57,Beauty,2,25,50
9991,2023-01-14,Male,34,Beauty,3,25,75
9992,2023-02-12,Female,18,Clothing,1,500,500
9993,2023-11-26,Female,42,Beauty,4,25,100
9994,2023-08-08,Female,60,Clothing,4,300,1200
9995,2023-03-11,Male,57,Clothing,1,500,500
9996,2023-08-25,Female,59,Beauty,3,25,75
9997,2023-04-04,Female,42,Clothing,2,30,60
9998,2023-01-26,Female,56,Beauty,3,500,1500
9999,2023-05-14,Female,52,Clothing,1,500,500
10000,2023-07-14,Male,20,Beauty,3,300,900
10001,2023-06-17,Female,54,Beauty,4,50,200
10002,2023-04-19,Male,61,Clothing,3,50,150
10003,2023-08-21,Male,61,Electronics,1,300,300
10004,2023-06-17,Male,47,Clothing,4,300,1200
10005,2023-06-22,Male,55,Beauty,3,300,900
10006,2023-07-14,Male,51,Electronics,3,50,150
10007,2023-05-23,Male,29,Clothing,4,300,1200
10008,2023-08-04,Female,36,Clothing,2,25,50
10009,2023-05-10,Male,54,Clothing,4,500,2000
10010,2023-02-11,Male,61,Electronics,2,500,1000
10011,2023-08-29,Male,34,Beauty,1,30,30
10012,2023-01-10,Female,27,Clothing,1,30,30
10013,2023-10-04,Female,64,Clothing,4,500,2000
10014,2023-01-27,Male,29,Clothing,4,25,100
10015,2023-06-29,Female,33,Clothing,1,50,50
10016,2023-04-25,Male,41,Clothing,2,50,100
10017,2023-11-29,Male,36,Beauty,1,25,25
10018,2023-02-05,Female,25,Beauty,4,50,200
10019,2023-11-30,Male,48,Clothing,1,300,300
10020,2023-01-21,Female,38,Electronics,4,500,2000
10021,2023-01-16,Female,34,Beauty,4,500,2000
10022,2023-05-07,Male,40,Electronics,1,25,25
10023,2023-04-13,Male,54,Beauty,2,50,100
10024,2023-01-11,Female,33,Clothing,3,30,90
10025,2023-11-15,Male,23,Beauty,1,30,30
10026,2023-03-20,Male,25,Clothing,3,50,150
10027,2023-05-03,Male,42,Beauty,1,30,30
10028,2023-03-06,Female,35,Clothing,3,25,75
10029,2023-08-31,Female,42,Clothing,2,25,50
10030,2023-12-09,Male,29,Clothing,2,50,100
10031,2023-02-28,Female,32,Clothing,1,30,30
10032,2023-10-16,Female,43,Electronics,4,25,100
10033,2023-04-22,Female,58,Clothing,3,25,75
10034,2023-08-27,Female,62,Electronics,4,300,1200
10035,2023-12-25,Female,43,Electronics,4,300,1200
10036,2023-05-12,Male,64,Clothing,4,25,100
10037,2023-07-08,Male,49,Electronics,2,50,100
10038,2023-03-27,Male,27,Beauty,1,500,500
10039,2023-11-07,Female,33,Clothing,1,500,500
10040,2023-11-07,Female,24,Electronics,2,25,50
10041,2023-02-28,Male,34,Clothing,2,25,50
10042,2023-03-25,Female,40,Clothing,1,25,25
10043,2023-06-09,Male,43,Clothing,4,50,200
10044,2023-02-25,Male,38,Electronics,3,300,900
10045,2023-10-24,Male,39,Beauty,3,25,75
10046,2023-01-14,Female,24,Beauty,3,25,75
10047,2023-06-09,Female,31,Electronics,4,30,120
10048,2023-10-22,Male,32,Clothing,1,50,50
10049,2023-12-13,Male,24,Electronics,2,25,50
10050,2023-07-12,Male,26,Electronics,1,30,30
10051,2023-07-23,Male,25,Electronics,4,500,2000
10052,2023-04-12,Female,40,Clothing,2,25,50
10053,2023-02-08,Female,46,Electronics,4,25,100
10054,2023-10-31,Male,35,Clothing,3,30,90
10055,2023-12-20,Male,48,Electronics,3,50,150
10056,2023-11-18,Female,47,Beauty,4,25,100
10057,2023-05-05,Female,56,Electronics,2,500,1000
10058,2023-02-22,Male,52,Electronics,2,25,50
10059,2023-12-23,Male,35,Beauty,1,500,500
10060,2023-06-04,Male,59,Clothing,3,300,900
10061,2023-12-17,Female,56,Clothing,1,300,300
10062,2023-11-04,Female,34,Electronics,1,500,500
10063,2023-03-03,Female,31,Beauty,4,50,200
10064,2023-10-17,Male,48,Clothing,4,25,100
10065,2023-01-22,Male,41,Electronics,1,25,25
10066,2023-06-27,Female,52,Beauty,3,300,900
10067,2023-09-30,Female,61,Clothing,4,500,2000
10068,2023-08-08,Male,62,Clothing,1,25,25
10069,2023-12-05,Female,51,Beauty,1,25,25
10070,2023-07-09,Female,20,Beauty,1,50,50
10071,2023-02-05,Male,54,Beauty,1,30,30
10072,2023-09-17,Female,60,Beauty,1,300,300
10073,2023-11-28,Male,57,Electronics,1,300,300
10074,2023-06-24,Male,43,Beauty,4,30,120
10075,2023-01-07,Male,40,Clothing,3,25,75
10076,2023-08-04,Male,61,Clothing,1,50,50
10077,2023-09-08,Male,56,Electronics,2,50,100
10078,2023-02-24,Male,32,Clothing,4,300,1200
10079,2023-08-10,Male,21,Clothing,4,50,200
10080,2023-07-05,Female,46,Beauty,1,30,30
10081,2023-11-22,Male,39,Clothing,4,25,100
10082,2023-08-24,Male,42,Electronics,1,30,30
10083,2023-12-29,Female,30,Beauty,3,500,1500
10084,2023-03-20,Female,35,Beauty,3,300,900
10085,2023-08-11,Female,50,Electronics,4,50,200
10086,2023-04-01,Male,33,Beauty,4,500,2000
10087,2023-09-25,Female,62,Beauty,2,50,100
10088,2023-11-30,Male,59,Electronics,4,25,100
10089,2023-05-19,Male,61,Beauty,2,25,50
10090,2023-11-12,Male,19,Electronics,3,25,75
10091,2023-10-03,Male,52,Electronics,3,50,150
10092,2023-09-05,Female,59,Clothing,1,500,500
10093,2023-08-27,Female,51,Clothing,3,25,75
10094,2023-08-12,Male,47,Beauty,2,500,1000
10095,2023-10-31,Male,30,Beauty,4,50,200
10096,2023-05-18,Male,30,Electronics,1,500,500
10097,2023-06-15,Female,35,Beauty,2,50,100
10098,2023-05-06,Male,49,Electronics,4,50,200
10099,2023-02-14,Male,49,Electronics,1,300,300
10100,2023-05-23,Female,52,Beauty,3,50,150
10101,2023-08-19,Female,56,Electronics,2,50,100
10102,2023-05-05,Male,63,Clothing,4,30,120
10103,2023-08-26,Female,46,Beauty,1,25,25
10104,2023-10-19,Female,46,Clothing,1,300,300
10105,2023-11-09,Male,61,Beauty,3,300,900
10106,2023-12-09,Female,33,Electronics,4,300,1200
10107,2023-07-14,Male,61,Beauty,3,30,90
10108,2023-06-22,Female,64,Clothing,3,50,150
10109,2023-01-15,Male,27,Electronics,4,25,100
10110,2023-09-11,Male,47,Beauty,4,500,2000
10111,2023-06-16,Male,42,Beauty,4,50,200
10112,2023-04-04,Female,56,Beauty,2,30,60
10113,2023-09-07,Male,37,Clothing,4,50,200
10114,2023-04-19,Female,22,Clothing,1,50,50
10115,2023-07-01,Male,18,Beauty,3,30,90
10116,2023-05-13,Male,47,Electronics,2,300,600
10117,2023-06-24,Female,20,Electronics,4,300,1200
10118,2023-05-24,Male,62,Clothing,2,25,50
10119,2023-11-02,Male,31,Electronics,4,25,100
10120,2023-12-26,Female,47,Clothing,2,300,600
10121,2023-05-22,Male,21,Beauty,3,500,1500
10122,2023-10-12,Male,35,Clothing,3,50,150
10123,2023-01-06,Male,54,Clothing,1,500,500
10124,2023-09-22,Male,42,Beauty,1,50,50
10125,2023-04-08,Female,18,Electronics,4,300,1200
10126,2023-02-13,Female,63,Clothing,3,25,75
10127,2023-05-04,Male,32,Clothing,2,25,50
10128,2023-07-28,Female,26,Beauty,2,500,1000
10129,2023-09-08,Male,32,Electronics,2,25,50
10130,2023-10-12,Female,41,Clothing,1,300,300
10131,2023-05-04,Male,21,Beauty,2,500,1000
10132,2023-12-20,Male,29,Clothing,1,50,50
10133,2023-09-01,Male,54,Beauty,1,25,25
10134,2023-11-27,Male,54,Electronics,4,30,120
10135,2023-12-31,Male,60,Electronics,2,25,50
10136,2023-09-09,Male,23,Electronics,2,50,100
10137,2023-08-18,Female,56,Electronics,3,500,1500
10138,2023-01-09,Male,63,Clothing,4,50,200
10139,2023-02-17,Female,41,Clothing,3,30,90
10140,2023-05-31,Male,28,Electronics,4,300,1200
10141,2023-04-24,Female,30,Electronics,2,25,50
10142,2023-07-27,Female,51,Electronics,1,500,500
10143,2023-12-21,Female,42,Clothing,1,300,300
10144,2023-05-05,Male,24,Electronics,1,50,50
10145,2023-06-06,Male,21,Electronics,1,500,500
10146,2023-12-06,Female,25,Electronics,1,300,300
10147,2023-10-25,Male,37,Beauty,3,500,1500
10148,2023-07-08,Female,46,Electronics,4,30,120
10149,2023-08-31,Male,62,Beauty,2,30,60
10150,2023-10-11,Female,63,Beauty,3,25,75
10151,2023-09-29,Female,27,Electronics,4,25,100
10152,2023-06-26,Male,60,Beauty,1,30,30
10153,2023-08-06,Female,51,Electronics,4,500,2000
10154,2023-10-09,Male,43,Clothing,4,30,120
10155,2023-06-19,Female,58,Clothing,1,25,25
10156,2023-06-30,Female,20,Clothing,1,30,30
10157,2023-12-26,Male,23,Clothing,1,30,30
10158,2023-08-21,Male,22,Beauty,2,500,1000
10159,2023-05-19,Male,22,Electronics,1,300,300
10160,2023-06-06,Female,64,Electronics,2,25,50
10161,2023-05-09,Male,40,Electronics,1,500,500
10162,2023-04-29,Female,26,Clothing,2,30,60
10163,2023-03-03,Female,52,Clothing,4,30,120
10164,2023-04-09,Male,37,Electronics,3,300,900
10165,2023-06-11,Male,59,Clothing,4,25,100
10166,2023-03-03,Female,52,Electronics,4,25,100
10167,2023-10-02,Female,35,Electronics,1,50,50
10168,2023-12-20,Male,34,Electronics,2,25,50
10169,2023-04-05,Male,41,Electronics,3,300,900
10170,2023-04-09,Male,20,Electronics,1,50,50
10171,2023-04-21,Male,49,Electronics,1,50,50
10172,2023-09-05,Male,52,Electronics,1,30,30
10173,2023-05-22,Female,55,Clothing,4,30,120
10174,2023-10-29,Female,30,Electronics,2,25,50
10175,2023-09-26,Female,64,Electronics,2,50,100
10176,2023-11-02,Female,42,Clothing,3,30,90
10177,2023-05-25,Male,26,Clothing,2,300,600
10178,2023-02-21,Male,21,Clothing,2,30,60
10179,2023-04-10,Male,31,Electronics,1,30,30
10180,2023-06-01,Female,54,Beauty,1,50,50
10181,2023-04-27,Female,51,Beauty,4,50,200
10182,2023-07-04,Male,28,Clothing,1,500,500
10183,2023-04-02,Male,58,Beauty,1,300,300
10184,2023-06-04,Female,20,Clothing,1,50,50
10185,2023-01-08,Female,45,Electronics,1,25,25
10186,2023-12-29,Male,46,Beauty,4,300,1200
10187,2023-10-01,Male,26,Electronics,1,300,300
10188,2023-03-06,Female,20,Beauty,3,50,150
10189,2023-05-21,Male,42,Electronics,3,300,900
10190,2023-01-24,Male,51,Beauty,3,50,150
10191,2023-01-28,Male,29,Electronics,3,30,90
10192,2023-10-11,Female,59,Electronics,1,500,500
10193,2023-05-30,Female,26,Beauty,3,30,90
10194,2023-12-24,Female,32,Electronics,1,50,50
10195,2023-03-06,Female,57,Electronics,4,50,200
10196,2023-11-23,Female,42,Electronics,3,30,90
10197,2023-09-09,Female,22,Beauty,2,25,50
10198,2023-02-22,Female,28,Beauty,3,25,75
10199,2023-01-07,Male,51,Electronics,3,25,75
10200,2023-10-21,Male,41,Electronics,1,50,50
10201,2023-05-26,Male,32,Beauty,3,300,900
10202,2023-08-29,Male,55,Beauty,2,50,100
10203,2023-09-03,Male,25,Electronics,1,300,300
10204,2023-08-14,Male,22,Electronics,1,30,30
10205,2023-06-24,Male,43,Electronics,4,500,2000
10206,2023-04-05,Female,35,Clothing,4,300,1200
10207,2023-01-27,Female,23,Beauty,3,25,75
10208,2023-05-10,Male,54,Clothing,4,50,200
10209,2023-09-02,Male,30,Beauty,4,30,120
10210,2023-02-28,Female,45,Beauty,4,25,100
10211,2023-02-03,Male,22,Beauty,1,30,30
10212,2023-07-25,Male,30,Beauty,1,500,500
10213,2023-09-09,Female,34,Beauty,1,50,50
10214,2023-02-07,Male,57,Beauty,4,50,200
10215,2023-10-23,Female,62,Beauty,1,500,500
10216,2023-11-19,Male,49,Clothing,4,50,200
10217,2023-12-18,Female,46,Electronics,1,300,300
10218,2023-01-28,Female,20,Electronics,1,30,30
10219,2023-03-19,Female,57,Clothing,2,25,50
10220,2023-03-18,Male,51,Clothing,3,500,1500
10221,2023-10-16,Female,57,Clothing,4,300,1200
10222,2023-06-05,Male,44,Clothing,2,25,50
10223,2023-02-13,Male,30,Beauty,1,25,25
10224,2023-05-08,Male,62,Electronics,4,500,2000
10225,2023-03-02,Male,50,Beauty,1,300,300
10226,2023-10-13,Female,23,Electronics,3,25,75
10227,2023-08-02,Female,41,Electronics,2,25,50
10228,2023-11-07,Male,36,Clothing,3,300,900
10229,2023-11-02,Male,33,Beauty,2,50,100
10230,2023-11-13,Female,57,Clothing,1,25,25
10231,2023-04-26,Male,45,Beauty,3,30,90
10232,2023-09-25,Female,50,Electronics,3,300,900
10233,2023-07-14,Male,58,Clothing,1,25,25
10234,2023-08-19,Male,30,Clothing,3,500,1500
10235,2023-08-15,Female,60,Electronics,4,30,120
10236,2023-06-02,Male,62,Electronics,2,25,50
10237,2023-10-29,Female,42,Electronics,2,30,60
10238,2023-08-08,Male,59,Clothing,2,30,60
10239,2023-06-06,Male,53,Beauty,4,50,200
10240,2023-10-19,Male,44,Clothing,2,30,60
10241,2023-11-14,Female,55,Beauty,1,50,50
10242,2023-01-31,Male,24,Clothing,3,300,900
10243,2023-11-09,Male,22,Clothing,4,50,200
10244,2023-02-20,Male,60,Electronics,2,500,1000
10245,2023-04-17,Male,62,Beauty,1,25,25
10246,2023-11-17,Female,48,Clothing,3,300,900
10247,2023-04-19,Female,40,Clothing,3,300,900
10248,2023-05-16,Male,59,Electronics,4,500,2000
10249,2023-12-05,Female,27,Electronics,4,50,200
10250,2023-02-11,Male,49,Beauty,4,25,100
10251,2023-03-22,Male,60,Clothing,1,50,50
10252,2023-05-03,Male,47,Beauty,1,30,30
10253,2023-03-30,Female,56,Clothing,4,50,200
10254,2023-10-10,Female,48,Beauty,2,300,600
10255,2023-02-08,Female,35,Electronics,3,25,75
10256,2023-03-22,Female,53,Clothing,3,50,150
10257,2023-01-02,Female,19,Beauty,1,25,25
10258,2023-07-29,Female,31,Electronics,3,25,75
10259,2023-08-19,Female,30,Electronics,2,30,60
10260,2023-12-19,Female,46,Beauty,3,30,90
10261,2023-11-01,Female,29,Clothing,1,300,300
10262,2023-08-29,Male,56,Clothing,1,500,500
10263,2023-05-30,Female,19,Electronics,2,25,50
10264,2023-01-17,Female,49,Clothing,2,500,1000
10265,2023-04-29,Female,30,Clothing,3,300,900
10266,2023-05-28,Female,63,Clothing,3,25,75
10267,2023-12-28,Female,44,Electronics,1,25,25
10268,2023-05-25,Female,58,Beauty,2,500,1000
10269,2023-12-26,Female,34,Clothing,2,50,100
10270,2023-08-21,Female,57,Electronics,2,30,60
10271,2023-02-06,Female,48,Electronics,3,50,150
10272,2023-12-18,Female,51,Beauty,2,500,1000
10273,2023-04-30,Female,41,Clothing,1,30,30
10274,2023-05-16,Male,62,Clothing,1,50,50
10275,2023-11-17,Male,52,Beauty,3,30,90
10276,2023-10-29,Female,23,Beauty,4,25,100
10277,2023-12-05,Female,36,Electronics,3,50,150
10278,2023-04-12,Male,47,Electronics,4,30,120
